1,0.05107198849422015,0.043502115718513104,114,0.43245901537698406
2,0.05278707405969635,0.04499209531113739,114,0.44960987103174604
3,0.05475186316075171,0.04649309126139317,105,0.4626129712301586
4,0.0556091415229885,0.04801004175958796,115,0.4785052083333332
5,0.055762394428641664,0.0484209265292129,112,0.47797792658730154
6,0.05537659179545289,0.048883186639829795,108,0.4711971106150793
7,0.05816832042687625,0.049156312826126224,102,0.4943045634920635
8,0.05643764086338418,0.05007136401298898,102,0.47699776785714276
9,0.056472073412698415,0.050272059253992946,99,0.4747207341269841
10,0.05723088027736868,0.05039094931630013,96,0.4795252976190476
11,0.05667772817460318,0.050520490192867216,104,0.48106299603174607
12,0.05839381645862228,0.051367053916025834,102,0.49655952380952373
13,0.057583705357142856,0.05187489201645656,107,0.4925037202380952
14,0.05870936259920636,0.05216237334583382,89,0.4870936259920635
15,0.05950915408689248,0.052680019935300075,96,0.5023080357142856
16,0.05987650181526511,0.05344201153959657,93,0.5030203373015872
17,0.06030330988455989,0.05380839174185557,98,0.5121240079365079
18,0.05973814353592315,0.05366262616998535,94,0.5026445932539683
19,0.06105567956349207,0.05423631104298494,89,0.5105567956349206
20,0.06211755952380953,0.054837166975238175,95,0.5274255952380953
21,0.06212918438208617,0.05438050116225513,97,0.5294551091269841
22,0.061705834096459085,0.05464195042142135,90,0.5181572420634919
23,0.060451164369256474,0.0544182879038345,94,0.5097748015873016
24,0.06084770457033389,0.05484549128335959,86,0.5050287698412699
25,0.06482053571428571,0.05503748164939165,83,0.5410625
26,0.06079559367754594,0.05531722933804069,88,0.5068323412698413
27,0.06240199248706973,0.05609410276489288,88,0.5228963293650792
28,0.06328155973145072,0.05648430985406971,85,0.5281644345238095
29,0.06391481866002213,0.05628750288795921,85,0.5344970238095237
30,0.062203144409937884,0.05635385527511842,91,0.5242053571428571
31,0.06236014384920635,0.056081095278595436,83,0.5164585813492063
32,0.06400396825396826,0.056014584938300624,83,0.5328968253968254
33,0.06438761160714286,0.05641336016605851,80,0.5327650049603174
34,0.06461474819094305,0.057003211127304824,84,0.5402651289682541
35,0.06340395457033388,0.0576087614236498,86,0.5305912698412698
36,0.06367422213203464,0.05761919830627952,87,0.5344694940476191
37,0.06415713257355787,0.05845739430482996,81,0.5318152281746031
38,0.06715664682539683,0.05875553891242112,79,0.5590664682539683
39,0.06680520260989012,0.05901869422536426,77,0.5526674107142857
40,0.06722609126984126,0.0592432153987657,79,0.5597609126984127
41,0.07109499946374946,0.059637927544446176,73,0.5893283730158729
42,0.07040430764411028,0.060389983910072595,75,0.5856220238095238
43,0.06820862823439879,0.06116006968838815,72,0.5587986111111111
44,0.07268767361111111,0.06251707574048576,74,0.6068767361111111
45,0.06871150221306471,0.06253494484473988,77,0.5717304067460317
46,0.06991354166666665,0.06293518262081482,80,0.5880243055555554
47,0.07108841873706004,0.06331622249016026,68,0.5804494047619047
48,0.07075907466297023,0.06363246082517274,72,0.5843030753968255
49,0.07204723160660662,0.06453843633402856,73,0.5988506944444445
50,0.07149092261904762,0.06403868913471625,69,0.5863377976190476
51,0.07200072070494866,0.06502636592990069,67,0.587654265873016
52,0.07227745535714286,0.06453231979799459,74,0.6027745535714286
53,0.07353702984817115,0.06432739144414935,68,0.6049355158730158
54,0.0704077775681869,0.06416967607564505,70,0.5773172123015873
55,0.0708580202970828,0.06440570364407558,73,0.5869585813492063
56,0.07168125450937951,0.06441070835475549,65,0.5804489087301588
57,0.07155676406926406,0.06428744265619386,76,0.5986845238095237
58,0.07165691287878787,0.06375184746434383,76,0.5996860119047618
59,0.06980379610177403,0.06373362267304473,67,0.5656850198412697
60,0.07416676587301588,0.06386484251644632,62,0.5988105158730158
61,0.07466378968253969,0.0642709259391282,63,0.6060128968253968
62,0.0692166639486845,0.06386143771055536,72,0.5688789682539683
63,0.07342460169391139,0.06421507763491466,66,0.5999176587301587
64,0.07036565126050419,0.06419520884159456,67,0.5713035714285714
65,0.07157864583333333,0.06441340834949508,74,0.5957864583333333
66,0.07271168300653595,0.06394444128891857,67,0.594763888888889
67,0.07153734847249402,0.06433098072197763,72,0.5920858134920635
68,0.07274330808080808,0.06393799745658553,65,0.5910694444444443
69,0.0710822889486845,0.0645981817740728,72,0.5875352182539683
70,0.07367614233193276,0.06484880214031519,67,0.604408482142857
71,0.07026487793597169,0.06477192602415859,73,0.5810271577380952
72,0.07078219246031746,0.06424576793897646,69,0.579250496031746
73,0.07198802534271284,0.06451460760363055,65,0.583516617063492
74,0.07488551587301587,0.06467509619171098,62,0.6059980158730158
75,0.07324886058590101,0.06502361166414135,67,0.6001356646825395
76,0.0745719742063492,0.06565776428357069,69,0.6171483134920634
77,0.0731964861751152,0.06620814120641334,61,0.5868035714285714
78,0.07360710673309179,0.06729879734325492,68,0.6056362847222222
79,0.07481712109575013,0.06682618727028268,61,0.6030099206349206
80,0.07282606456043955,0.06670707822885702,64,0.5897991071428571
81,0.07257499851930824,0.0664442975584408,66,0.591421626984127
82,0.0736877213064713,0.06642188766142759,64,0.5984156746031746
83,0.07294568452380952,0.06659233740151184,69,0.6008854166666666
84,0.07476912202380953,0.06720280206009828,63,0.6070662202380952
85,0.0781252127715121,0.06769480396288281,56,0.6233573908730158
86,0.07743075824438972,0.06779275726464942,57,0.6191351686507937
87,0.07757867063492063,0.06854780202292911,55,0.6150724206349205
88,0.07498832296176045,0.06907045160746683,65,0.6135195932539681
89,0.07566290482590884,0.06950063935245851,61,0.6114677579365078
90,0.07646582341269842,0.06952924931438959,62,0.6218010912698413
91,0.07613273809523809,0.06972294364558418,55,0.6006130952380951
92,0.07815459256978655,0.07035551841952391,57,0.626373511904762
93,0.07988725579975581,0.07094665390452205,51,0.6257956349206351
94,0.08140401785714285,0.07110702179634325,55,0.6533258928571428
95,0.08075257936507937,0.07094587822470197,55,0.646811507936508
96,0.07876187996031747,0.07097216248986778,53,0.620952132936508
97,0.07896014006591336,0.0714589740857118,58,0.6370590277777777
98,0.07928953754578755,0.07182545537850683,51,0.6198184523809523
99,0.07928953754578755,0.07120196739461497,51,0.6198184523809523
100,0.08347281295093795,0.07193185029925085,54,0.6710917658730158
101,0.07958103286912248,0.0718186863116349,52,0.6259990079365079
102,0.08149122405372405,0.07136348094446865,51,0.6418353174603174
103,0.07955779832766441,0.07139748268451605,48,0.611904513888889
104,0.07959667207792209,0.07089681373081848,54,0.6323303571428571
105,0.08086541418650793,0.07060914538177446,55,0.6479398561507936
106,0.0789373366013072,0.07153399823161859,50,0.6129027777777778
107,0.08011342374213837,0.0716810859490252,52,0.6313229166666667
108,0.07848451336675019,0.07231605438124614,56,0.6269503968253967
109,0.07818327328738511,0.07220277790397633,56,0.6239379960317459
110,0.08100390625,0.07251721076050155,63,0.6694140624999998
111,0.0800190228174603,0.07234590968096569,55,0.6394759424603174
112,0.07924434072871572,0.07230509985745313,54,0.6288070436507935
113,0.0798125992063492,0.07209860447698857,53,0.6314593253968254
114,0.0851358134920635,0.0720071109823641,47,0.663858134920635
115,0.08122217261904761,0.07203261650397662,53,0.6455550595238095
116,0.0810655612244898,0.07260074095073941,48,0.6269821428571428
117,0.07989789186507935,0.07298885904647215,55,0.6382646329365078
118,0.08251001984126984,0.07349017654582757,55,0.6643859126984126
119,0.08235109126984126,0.07392647548962174,53,0.656844246031746
120,0.08145104548229548,0.07470373959333448,51,0.6414335317460317
121,0.08256912810721773,0.07562367254606459,52,0.6558799603174603
122,0.08239561801046177,0.07587859861876327,54,0.660319816468254
123,0.08279305555555555,0.07538742067191963,53,0.6612638888888889
124,0.08356867823370483,0.07522039497350157,46,0.6441974206349206
125,0.08450271358543418,0.07545621405063102,50,0.6685565476190476
126,0.08408829365079365,0.07602940743439557,44,0.6408829365079365
127,0.08818200467687075,0.07612604546161358,48,0.6981465773809523
128,0.08808392857142858,0.07635269745190525,47,0.6933392857142857
129,0.08542006712259372,0.07654027081476605,46,0.6627113095238095
130,0.08301670168067227,0.07627645274454094,50,0.6536964285714284
131,0.08324194624819625,0.07595299135914514,43,0.6278740079365079
132,0.08340895601148261,0.07546365044817838,46,0.6426001984126984
133,0.08571828898225958,0.07534830687395122,50,0.6807123015873016
134,0.08221488095238096,0.0754991846447781,49,0.6421488095238095
135,0.0835920138888889,0.07529476331220414,49,0.6559201388888889
136,0.08598982056590752,0.07508140839533484,45,0.6642460317460317
137,0.08326551120448178,0.07564471647682079,50,0.6561845238095236
138,0.08449502551020409,0.07578545636491268,48,0.6612767857142857
139,0.08589077380952381,0.07578860575846526,47,0.6714077380952381
140,0.08817914862914861,0.07574663551789046,43,0.6772460317460316
141,0.08817914862914861,0.07623516728773512,43,0.6772460317460316
142,0.08820602678571429,0.07651731703392907,44,0.6820602678571428
143,0.08820602678571429,0.07753851940638536,44,0.6820602678571428
144,0.08747212565433975,0.07758223995897288,46,0.6832318948412698
145,0.0861656746031746,0.07736637927294039,49,0.681656746031746
146,0.08300858134920634,0.07731944799732003,53,0.6634191468253967
147,0.0835984977324263,0.0768290763516685,48,0.6523115079365078
148,0.08540851757369615,0.0773702305428953,48,0.6704117063492063
149,0.08390871598639456,0.07737223514063545,48,0.6554136904761905
150,0.08336694969654529,0.0765003213790238,50,0.6571989087301588
151,0.08358750000000001,0.07618559635105154,49,0.655875
152,0.08572862103174604,0.0763199565293624,44,0.6572862103174604
153,0.08465079365079364,0.07615904315948448,47,0.6590079365079364
154,0.08545357142857143,0.07693589178730241,47,0.6670357142857143
155,0.08705633116883116,0.07721821026644807,43,0.6660178571428571
156,0.08517515902194212,0.07712273392822618,50,0.6752810019841269
157,0.08263894230769231,0.07690700654854843,51,0.6533125
158,0.08556858701814059,0.07619258762045057,48,0.6720124007936508
159,0.08627140640830801,0.07565442643680502,46,0.6712247023809523
160,0.08627140640830801,0.07612518253854851,46,0.6712247023809523
161,0.08633904446248197,0.07669541558990081,43,0.658844990079365
162,0.08861103934481594,0.07708127936074577,46,0.6946210317460317
163,0.08960386904761905,0.07832590477198241,41,0.6817529761904761
164,0.08832222222222219,0.07791145792030259,41,0.6689365079365077
165,0.08786299603174602,0.07819600643401538,41,0.6643442460317459
166,0.08915149232965544,0.07853060567081996,40,0.6720027281746032
167,0.08754958513708513,0.07960128204196817,43,0.6709503968253967
168,0.08632013888888887,0.07944403108493112,41,0.6489156746031745
169,0.08877451798654244,0.07955651201461082,45,0.6920930059523809
170,0.0915999843358396,0.07950376927445164,37,0.679157738095238
171,0.08838998015873015,0.08011999436837806,41,0.6696140873015872
172,0.08813551587301587,0.08052320040287392,39,0.6563551587301586
173,0.08764670138888889,0.07956903718558789,41,0.6621812996031746
174,0.0937315415862291,0.08030523482614113,36,0.6940721726190476
175,0.09018078300425861,0.07957983581105817,40,0.6822956349206348
176,0.08925257936507935,0.07948874682133834,41,0.6782400793650794
177,0.0934719089390142,0.07976390446665708,37,0.6978769841269841
178,0.09098462301587301,0.07925755741522207,35,0.6598462301587301
179,0.08947043650793651,0.07974968046119799,41,0.6804186507936507
180,0.08850573593073593,0.08037945161488112,43,0.6805119047619047
181,0.09241165674603175,0.08061922751805044,39,0.6991165674603174
182,0.09079177922771672,0.08012170967696461,38,0.6771485615079365
183,0.08772135840108401,0.08029526882323461,40,0.6577013888888888
184,0.09067612520885548,0.08199045680007214,37,0.6699191468253969
185,0.09306834714178464,0.08240820005460167,36,0.687440228174603
186,0.09066612103174601,0.08235045246211106,41,0.6923754960317459
187,0.09108173036758563,0.082551956328817,37,0.6739751984126984
188,0.09026299603174603,0.08252675859257196,41,0.6883442460317462
189,0.0935268849206349,0.08252906069151358,34,0.6781259920634919
190,0.0914241257440476,0.08253177225199548,41,0.6999555431547617
191,0.09041143353174605,0.08191346601462056,39,0.6791143353174603
192,0.09475102600250626,0.08231181778149567,37,0.7106681547619047
193,0.09108456196581197,0.08220400430609173,38,0.6800763888888889
194,0.09322523235171262,0.0828992414770509,37,0.6954102182539683
195,0.09819623015873016,0.0826634455749019,31,0.7007123015873016
196,0.09175980998168498,0.08270062715758647,38,0.686828869047619
197,0.09223003472222221,0.08302681033119921,35,0.6723003472222222
198,0.09448725490196078,0.08342014650866099,33,0.6801666666666666
199,0.09210487987987988,0.083491592770819,36,0.6778055555555556
200,0.09203521825396827,0.08372822380321836,34,0.6632093253968254
201,0.09324650297619048,0.08363984543705164,35,0.6824650297619048
202,0.09363988997113998,0.08375509035733619,32,0.663671626984127
203,0.09210589674495924,0.0837367604188076,36,0.6778157242063492
204,0.09298669490231991,0.08387675791208637,38,0.6990977182539683
205,0.09570831755050505,0.08416512843425844,32,0.6843559027777777
206,0.09355811925647453,0.08364649558672356,37,0.6987390873015873
207,0.0934389632936508,0.08373228983096181,34,0.6772467757936508
208,0.09551999909812411,0.0843325635219426,32,0.6824727182539683
209,0.0960434613997114,0.08480172324579766,32,0.6877073412698413
210,0.09501677489177487,0.08521666710793133,32,0.677440476190476
211,0.0963436507936508,0.08512750302680352,34,0.7062936507936508
212,0.09631017156862745,0.08450608702568346,33,0.6983958333333332
213,0.10079196428571428,0.08559131312774289,27,0.6864910714285714
214,0.0955968779178338,0.08563655140957648,33,0.6912628968253969
215,0.10163382936507936,0.08618098622236006,29,0.7163382936507936
216,0.1012000744047619,0.08633281380423989,29,0.712000744047619
217,0.09742140668767509,0.08624483857746704,33,0.7095081845238096
218,0.09853988095238095,0.08698678696625109,31,0.7041488095238095
219,0.10405571291735086,0.08718656491600686,28,0.7302123015873015
220,0.0948407925782926,0.08713666671581981,36,0.7051646825396827
221,0.10121408730158732,0.08668584822093348,26,0.6788075396825397
222,0.10121408730158732,0.0866610175277994,26,0.6788075396825397
223,0.09647957251082251,0.08608620353439711,32,0.6920684523809524
224,0.09484884768009769,0.08639485299319004,38,0.7177192460317461
225,0.1012974366359447,0.08662938485952947,30,0.7226517857142857
226,0.09827638888888887,0.08680103752500433,31,0.7015138888888888
227,0.1023443612391193,0.08734558119851593,30,0.7331210317460317
228,0.09986671626984127,0.0868572520837155,29,0.6986671626984127
229,0.09839236111111112,0.08710601457577322,31,0.7026736111111112
230,0.10021378968253969,0.08716193758851071,29,0.7021378968253968
231,0.10020694444444445,0.08774549520507251,29,0.7020694444444444
232,0.09762835723304472,0.08830079289222892,32,0.7035562996031746
233,0.09595691964285714,0.08755361391726141,34,0.7024263392857142
234,0.09727624299719888,0.08715176121480697,33,0.7080565476190476
235,0.0967358474310777,0.08737520678117004,37,0.7305163690476191
236,0.09800744047619046,0.08787785296859173,34,0.7229315476190474
237,0.10008313492063492,0.08823320585052405,29,0.7008313492063492
238,0.09598308531746032,0.0880160722703567,35,0.7098308531746031
239,0.09747374751984128,0.08811727598960511,35,0.7247374751984128
240,0.09872270247113998,0.08804457122023134,32,0.7144997519841271
241,0.09852904557656396,0.08796578232440526,33,0.7205845734126983
242,0.09831507936507937,0.08773044516093302,31,0.7019007936507937
243,0.09667519237987988,0.08858522557685929,36,0.7235086805555555
244,0.09892730936598124,0.088421134769438,32,0.7165458209325397
245,0.09896546040764789,0.08853844667098743,32,0.7169273313492062
246,0.09852880366161618,0.08811772617101052,32,0.7125607638888889
247,0.10075609780844155,0.08873893322997713,32,0.7348337053571428
248,0.10042827380952382,0.08796394948923499,31,0.7230327380952382
249,0.09752218862007168,0.08715632269086938,30,0.6848993055555554
250,0.09895864695340503,0.08694402059455619,30,0.6992638888888889
251,0.09895864695340503,0.08665017715954006,30,0.6992638888888889
252,0.09755295138888888,0.08652075078464712,35,0.7255295138888889
253,0.09635890376984127,0.0867077552353845,31,0.6823390376984128
254,0.09647233044733045,0.08628198674503934,32,0.6919960317460316
255,0.09508129357035607,0.08601585446157645,36,0.7075696924603174
256,0.09592430847338937,0.08587982847965975,33,0.6945372023809524
257,0.0971622113997114,0.08582510463300838,32,0.6988948412698412
258,0.09477867063492063,0.08469751342568395,35,0.6977867063492063
259,0.09505556891025642,0.08427043540048432,38,0.7197864583333333
260,0.09197104510073259,0.08343042711446022,38,0.6889412202380951
261,0.09947772817460317,0.08315883267803827,35,0.7447772817460316
262,0.09436888314536342,0.08291556761922225,37,0.7068467261904762
263,0.09086519097222223,0.08327357922222095,41,0.6943661954365079
264,0.09303543543543545,0.08268146436178998,36,0.6871111111111112
265,0.09229357035607036,0.08296650885153507,36,0.6796924603174603
266,0.09395505952380952,0.0828674946528213,35,0.6895505952380951
267,0.0924143601190476,0.08283057895911415,41,0.7098578869047618
268,0.09328319089178465,0.08300236491821682,36,0.6895886656746032
269,0.09670051480051481,0.08403504026312092,36,0.7237619047619048
270,0.09593540100250628,0.08338242195726822,37,0.7225119047619049
271,0.09450129260037349,0.08390858243070916,33,0.6803070436507936
272,0.09217710210210209,0.08378828805635093,36,0.6785277777777776
273,0.10384454365079365,0.08347733981058239,26,0.705112103174603
274,0.09646123803688142,0.08345508063857912,33,0.6999064980158729
275,0.09330074404761905,0.08326311210183807,35,0.6830074404761906
276,0.09352366071428571,0.08333115264031786,34,0.6780937499999999
277,0.09484408482142856,0.08324443354227588,35,0.6984408482142856
278,0.09517710210210209,0.08323085152592302,36,0.7085277777777776
279,0.0928696643953634,0.08250744079111005,37,0.6918545386904761
280,0.09326794056637808,0.0822198625240818,32,0.6599521329365079
281,0.09360238095238095,0.08259991584317816,34,0.6788809523809524
282,0.09241483134920635,0.08182450592486995,34,0.6670054563492063
283,0.09648378267973858,0.08069559145185697,33,0.7001319444444445
284,0.09272242063492064,0.08053898518594295,39,0.7022242063492063
285,0.09279281667710945,0.08184500320595073,37,0.6910860615079365
286,0.09145446428571431,0.08164830320486124,39,0.689544642857143
287,0.09707282647907647,0.08279287078157294,32,0.6980009920634921
288,0.09615957633053221,0.08274266321965777,33,0.6968898809523809
289,0.09558473124098124,0.08336488619960485,32,0.6831200396825396
290,0.0921730718441656,0.08416304245618353,36,0.6784874751984127
291,0.09600660624098123,0.08475580478068777,32,0.6873387896825396
292,0.09689928075396825,0.08587492716511115,35,0.7189928075396825
293,0.10070124909812408,0.0867150794478872,32,0.7342852182539682
294,0.10392495894909687,0.08684169102710423,28,0.7289047619047617
295,0.09356664186507936,0.08626698448619383,35,0.6856664186507937
296,0.0951547123015873,0.08605660790851953,34,0.6944042658730158
297,0.09629310515873014,0.0867145387707624,35,0.7129310515873015
298,0.09925868055555555,0.08677907336033572,29,0.6925868055555555
299,0.0972968005952381,0.08712731458299143,34,0.7158251488095237
300,0.09818507581241956,0.08763693565202259,36,0.7386075148809523
301,0.09880677375116713,0.08810005230400869,33,0.7233618551587301
302,0.09828571428571428,0.08798435147674719,29,0.6828571428571428
303,0.09842508972338936,0.08802524045567474,33,0.7195450148809523
304,0.09724983878968253,0.08765322781009394,34,0.7153555307539682
305,0.09758102970354808,0.08789324787250598,33,0.7111044146825396
306,0.10380823412698413,0.08855020173892145,27,0.7166537698412698
307,0.09955935921717171,0.08845022700314996,32,0.7228663194444445
308,0.09980109126984127,0.08833775779312472,31,0.7167609126984127
309,0.09801090389784947,0.08761989406534777,30,0.6897864583333333
310,0.09977405415764792,0.0871566369512436,32,0.7250132688492064
311,0.10215233134920636,0.08649459052487846,29,0.7215233134920636
312,0.09827282037815124,0.08777898115008799,33,0.7180223214285713
313,0.10110221025910365,0.08871436822676278,33,0.7463162202380953
314,0.09792797619047619,0.0886249306241493,31,0.698029761904762
315,0.09929260912698414,0.08771138026083626,31,0.7116760912698413
316,0.09864176587301587,0.0876570036214863,31,0.7051676587301587
317,0.10049441964285713,0.08738395473561386,26,0.671610863095238
318,0.10323773561507936,0.08812522474166068,29,0.7323773561507936
319,0.09949607796717172,0.08865431139444459,32,0.7222335069444444
320,0.10159757799671593,0.08860148984711813,28,0.7056309523809524
321,0.09866146688560481,0.08904012719837459,28,0.6762698412698414
322,0.09875873307656395,0.08991140313769544,33,0.7228814484126983
323,0.10097286706349205,0.08994385951120754,27,0.6883000992063492
324,0.09886676587301588,0.08978743581800726,29,0.6886676587301588
325,0.10078411818356375,0.09027122229224074,30,0.7175186011904762
326,0.10169634536610343,0.09086105430793592,30,0.726640873015873
327,0.1069375496031746,0.09150898458747975,24,0.709375496031746
328,0.10505902777777779,0.09186956961102152,27,0.7291617063492064
329,0.10210026401689708,0.09165020455167651,30,0.7306800595238094
330,0.1017112684729064,0.09145234626009378,28,0.7067678571428571
331,0.10593212129054519,0.09241328343408992,22,0.668016865079365
332,0.10547152777777777,0.09263133693457595,26,0.7213819444444444
333,0.10173115079365079,0.09195200294756462,27,0.6958829365079364
334,0.09996657647907647,0.09130267383684007,32,0.726938492063492
335,0.1030581845238095,0.09142447925018715,27,0.7091532738095236
336,0.10324221230158728,0.09149223285891322,26,0.6990887896825395
337,0.10554950396825398,0.09195928568782731,24,0.6954950396825397
338,0.10347076655982906,0.09256588519022577,25,0.6885538194444445
339,0.10567658730158729,0.09252426854444261,27,0.7353373015873015
340,0.11247337662337661,0.09324854386574827,21,0.715642857142857
341,0.10918311011904763,0.09357298425033324,23,0.7168311011904762
342,0.10676424963924963,0.09350635643831222,21,0.6585515873015872
343,0.10537281746031746,0.09321781008408203,23,0.6787281746031745
344,0.1081138888888889,0.09277942455087249,23,0.7061388888888889
345,0.11005790043290042,0.09259782313662436,21,0.6914880952380952
346,0.10932206213924964,0.0929170219288681,21,0.6841297123015873
347,0.10728142684610076,0.09307013425063886,22,0.6815099206349206
348,0.105571084584196,0.09312864210421028,22,0.664406498015873
349,0.10522956349206349,0.09357021755492022,27,0.7308670634920634
350,0.10578939255189254,0.0934401759963721,25,0.7117400793650792
351,0.1068436011904762,0.0935465364659742,24,0.7084360119047619
352,0.10902282509157507,0.09339196088586413,25,0.7440744047619046
353,0.10971114944083693,0.09379676143902203,21,0.6880205853174602
354,0.10449365842490843,0.0938668099666119,25,0.698782738095238
355,0.11305801414768807,0.0936096151780093,22,0.7392757936507937
356,0.10899872384559883,0.09344927499503684,21,0.6808963293650793
357,0.11050133928571426,0.09281232679076586,23,0.7300133928571426
358,0.10847339113181503,0.09312522451012935,22,0.6934295634920634
359,0.10614971001221002,0.09308660936226885,25,0.715343253968254
360,0.10765079365079364,0.09277229898947592,23,0.7015079365079364
361,0.10602467757936507,0.0936941863454444,23,0.6852467757936507
362,0.10677862103174601,0.09361129280060083,23,0.6927862103174602
363,0.10779212662337663,0.09373338218588502,21,0.6688303571428572
364,0.11116595065562457,0.09334448661667488,22,0.7203551587301588
365,0.10554672619047617,0.09301467016799236,26,0.7221339285714284
366,0.11083994408369408,0.09291105408826755,21,0.6993085317460317
367,0.1070391865079365,0.09278777381227733,24,0.710391865079365
368,0.10643789682539682,0.09297268475494365,24,0.7043789682539682
369,0.10340858134920636,0.09281645587285406,26,0.7007524801587302
370,0.10534188071514838,0.09350657860021502,22,0.6621144593253968
371,0.10569971001221001,0.09308744456498097,25,0.7108432539682539
372,0.1058955357142857,0.09247347775347846,26,0.7256220238095237
373,0.10580317460317462,0.09089331524555687,26,0.7246984126984127
374,0.10379980921855922,0.09090606575280978,25,0.691844246031746
375,0.10021329365079365,0.09002496185415061,29,0.7021329365079365
376,0.09966059027777778,0.08959695770314216,27,0.6751773313492063
377,0.10054331957245265,0.0895892052461483,30,0.7151106150793651
378,0.09951378968253968,0.08923056863805222,29,0.6951378968253968
379,0.09987176699308756,0.08814423298215064,30,0.7083950892857143
380,0.09994928075396825,0.08739906753660887,27,0.6780642361111111
381,0.09842364446496987,0.0875200268554163,28,0.6738916170634919
382,0.09760918513957306,0.087456287312569,28,0.6657470238095238
383,0.1016030257936508,0.08662395133791109,27,0.6946016865079365
384,0.10125262896825396,0.08879193546320713,26,0.6791929563492063
385,0.10191339285714285,0.08896507354910024,27,0.6977053571428571
386,0.10488184523809524,0.0893240329148748,23,0.6738184523809523
387,0.10915491071428571,0.09061562396550558,24,0.731549107142857
388,0.10733487103174602,0.09219857020803421,24,0.7133487103174602
389,0.11224186507936508,0.09264609243257314,20,0.6938472222222222
390,0.10801748835403727,0.09360464691579587,22,0.6888705357142857
391,0.10556165197649571,0.0936591426924461,25,0.7094626736111109
392,0.10322394116300365,0.0928524659241475,25,0.6860855654761904
393,0.10678774801587301,0.09313912107591875,23,0.6928774801587301
394,0.10112093253968253,0.09267028002152372,27,0.6897807539682539
395,0.1039768849206349,0.09254694023222919,23,0.664768849206349
396,0.10775166494133886,0.09170559930526755,22,0.6862123015873015
397,0.10500882936507935,0.0919659410249728,26,0.7167549603174602
398,0.10248195299671592,0.09225201979316722,28,0.7144747023809522
399,0.10457876984126985,0.09312946858140919,24,0.6857876984126984
400,0.10303829365079363,0.09172280381940875,27,0.7089543650793649
401,0.10118747519841269,0.09108703465414213,27,0.6904461805555555
402,0.10766674870268621,0.09179407217803119,25,0.7305136408730158
403,0.1072109623015873,0.09209530963798508,24,0.712109623015873
404,0.10218311011904761,0.09191484677816301,27,0.7004025297619046
405,0.1046514880952381,0.09149222554330473,24,0.6865148809523809
406,0.10269677579365077,0.09100519220265565,27,0.7055391865079363
407,0.10592709096459096,0.09075659916383776,25,0.7131170634920634
408,0.10849306318681319,0.09102377714696591,25,0.7387767857142857
409,0.10849306318681319,0.09124355363467813,25,0.7387767857142857
410,0.1056767609126984,0.09210591910670615,26,0.7234342757936507
411,0.1035375496031746,0.09271077235852591,27,0.7139469246031745
412,0.10592708333333334,0.09224385570989588,24,0.6992708333333333
413,0.10592708333333334,0.09251766994524263,24,0.6992708333333333
414,0.10878472222222221,0.09338574187980114,23,0.7128472222222222
415,0.10776615346459097,0.09311702990895564,25,0.7315076884920635
416,0.10532876984126985,0.09333402597037097,23,0.6782876984126984
417,0.10984285714285714,0.09381416828505987,20,0.6698571428571428
418,0.11044936868686868,0.09628967938673169,21,0.6954027777777777
419,0.10637339113181504,0.09622187477802253,22,0.6724295634920634
420,0.1119799107142857,0.09580119512906185,23,0.744799107142857
421,0.10678354527417028,0.09554491056604704,21,0.6587445436507937
422,0.11498675595238095,0.09573934170963361,20,0.7212961309523809
423,0.11149660541752932,0.0955328197502528,22,0.7236617063492062
424,0.11192764249639249,0.09518923825008359,21,0.7101855158730158
425,0.10759306908369408,0.09439231489856063,21,0.6668397817460316
426,0.11396473214285713,0.09439821369862339,19,0.6896473214285713
427,0.10629945760006901,0.09439015081576053,22,0.6716902281746031
428,0.10942132936507935,0.09410526487193085,20,0.665641865079365
429,0.10554766865079365,0.09223902498390829,23,0.6804766865079365
430,0.10230401785714285,0.09108338027089449,23,0.6480401785714285
431,0.1060159226190476,0.09067781233386565,23,0.6851592261904761
432,0.10321595065562458,0.09145321724978593,22,0.6408551587301587
433,0.10645910541752934,0.09216136262752421,22,0.6732867063492063
434,0.10508437500000001,0.09172925223547851,23,0.67584375
435,0.10914174430641821,0.09156738500548026,22,0.7001130952380952
436,0.10309703144078143,0.09200920960432102,25,0.6848164682539681
437,0.10891590105244997,0.09140877016533772,22,0.6978546626984126
438,0.11351797462406016,0.09309114027423743,18,0.6614955357142858
439,0.10699729986197376,0.09413635725759939,22,0.6786686507936507
440,0.11108789682539683,0.09525704909697755,20,0.6823075396825397
441,0.11058194444444444,0.09535535499251088,20,0.6772480158730159
442,0.10687387265512266,0.094522796506818,21,0.6596478174603174
443,0.12018204365079366,0.09580963814135066,17,0.7018204365079366
444,0.11468125000000001,0.09518954707506158,19,0.6968125000000001
445,0.11651137740183792,0.09377603816812377,18,0.6914295634920635
446,0.10324921398046398,0.09396891969333952,25,0.6863382936507936
447,0.10761774666305916,0.09416571057384351,21,0.6670865575396825
448,0.10752884424603174,0.09441450717384542,23,0.7002884424603174
449,0.10844434523809524,0.09512193503568532,23,0.7094434523809523
450,0.10991444805194805,0.09526832382093575,21,0.6900535714285714
451,0.10994513888888888,0.09589802890785813,20,0.6708799603174602
452,0.11560515873015872,0.09603738849400589,17,0.6560515873015873
453,0.1184816468253968,0.0974425729655056,17,0.6848164682539681
454,0.11989024644945698,0.09780510016468608,18,0.7252182539682539
455,0.11477748015873016,0.09767156859386886,20,0.719203373015873
456,0.11532490079365079,0.09731343250526939,20,0.7246775793650793
457,0.11417751848845599,0.09665359283660649,21,0.7326842757936508
458,0.11763908730158729,0.09730360850585243,17,0.6763908730158729
459,0.11552767857142857,0.09730577596707336,19,0.7052767857142856
460,0.11411974206349207,0.09864098338359045,19,0.6911974206349205
461,0.11922777777777777,0.09941655948885844,17,0.6922777777777778
462,0.11267817460317461,0.0997984034798305,19,0.676781746031746
463,0.12058164682539682,0.09999537223016328,17,0.7058164682539683
464,0.12546922706582633,0.09976534506209993,16,0.7252805059523809
465,0.1252328125,0.10113292515856478,17,0.752328125
466,0.12225397408963584,0.10161229462582864,16,0.6931279761904761
467,0.11899126984126984,0.10112214458082923,19,0.7399126984126984
468,0.1220301149626517,0.10090055058206214,16,0.6908893849206348
469,0.11758310359231411,0.10200754547597608,18,0.7021468253968254
470,0.1189048115079365,0.10101351550937221,17,0.689048115079365
471,0.1189048115079365,0.10283608300558895,17,0.689048115079365
472,0.11804868551587303,0.10211152139577258,19,0.7304868551587302
473,0.11454954704469505,0.10043623937148208,18,0.6718112599206348
474,0.11790193452380954,0.10045175922349889,19,0.7290193452380952
475,0.11284573412698415,0.1014375786984227,19,0.6784573412698414
476,0.11650749007936508,0.10122999491106485,20,0.7365034722222221
477,0.11504561011904761,0.10114113482703045,20,0.7218846726190475
478,0.11530957341269843,0.10097476474341185,19,0.7030957341269841
479,0.1144499007936508,0.10199996685570517,19,0.6944990079365079
480,0.12205761408730159,0.1027579847487024,17,0.7205761408730158
481,0.11799533730158729,0.10223783267091655,19,0.7299533730158729
482,0.14525406746031744,0.10243543101642569,11,0.7025406746031745
483,0.13510132688492063,0.10237304100779418,14,0.7510132688492063
484,0.12745238095238096,0.10334857302334419,15,0.7120238095238095
485,0.12357827964519141,0.10386760186680383,16,0.7063710317460317
486,0.11693070436507938,0.10432897933315649,20,0.7407356150793651
487,0.12248975694444444,0.10507684127200656,17,0.7248975694444444
488,0.12897157738095238,0.10585116078057175,15,0.7272157738095238
489,0.12170913281979459,0.10491520318465622,16,0.6876795634920636
490,0.12724588293650793,0.10549799128296568,14,0.6724588293650793
491,0.11892844089390142,0.10646135612523112,18,0.7156001984126983
492,0.12548211805555556,0.10668626654383194,15,0.6923211805555556
493,0.12548211805555556,0.10686089639392293,15,0.6923211805555556
494,0.1309587797619048,0.10547254978791275,14,0.7095877976190477
495,0.1246296130952381,0.10491098430886922,17,0.7462961309523809
496,0.1277797677404295,0.10391729134976782,16,0.7483859126984127
497,0.12449305555555557,0.10484927867600385,15,0.6824305555555555
498,0.13492857142857145,0.1063575672283479,14,0.7492857142857143
499,0.12225238678804853,0.10556988716933352,16,0.693112103174603
500,0.130343998015873,0.10601365980478235,15,0.7409399801587301
501,0.13103700396825396,0.10663196017199365,14,0.7103700396825395
502,0.1290840277777778,0.10615211477820843,15,0.7283402777777779
503,0.12404901377217553,0.10572754505892128,16,0.711078373015873
504,0.13469791666666667,0.10552732894790515,13,0.7041220238095238
505,0.13063392857142858,0.10528461150506216,14,0.7063392857142858
506,0.12568680555555556,0.10398963811859467,15,0.6943680555555556
507,0.12072193043884222,0.10477591238938076,16,0.6778075396825397
508,0.12234910714285713,0.10385637226309702,17,0.7234910714285714
509,0.12515305643090568,0.10337956844086238,16,0.7221187996031746
510,0.12428490166900094,0.10373703800596606,16,0.713437251984127
511,0.12687227182539682,0.10410040250509685,15,0.7062227182539682
512,0.12694802170868347,0.10427716309877068,16,0.7400684523809522
513,0.13215238095238097,0.10467550756397667,13,0.6786666666666666
514,0.12051488095238094,0.10354279319927057,17,0.7051488095238094
515,0.12956755952380952,0.10311871647604579,15,0.7331755952380952
516,0.1315704365079365,0.10371484754046788,15,0.753204365079365
517,0.12073670634920636,0.10241243262331161,17,0.7073670634920635
518,0.13242500000000001,0.10362601311937913,13,0.6813928571428571
519,0.12296022408963586,0.10538179887159382,16,0.7001904761904763
520,0.13152251984126984,0.10514614500104495,14,0.7152251984126984
521,0.13947336309523808,0.10701750679129876,13,0.751876488095238
522,0.1363051339285714,0.10730514543517644,13,0.7201941964285714
523,0.13565554935515872,0.10886366416967438,13,0.7136983506944444
524,0.13565554935515872,0.11073675197500644,13,0.7136983506944444
525,0.13292261904761904,0.11157647823580108,13,0.6863690476190476
526,0.1345639880952381,0.11302922470638566,13,0.7027827380952381
527,0.1438002232142857,0.1137539061381213,11,0.6880022321428572
528,0.13541941964285714,0.11489766495277243,14,0.7541941964285714
529,0.14081008470695972,0.1141585051664856,12,0.7157931547619047
530,0.14486185515873015,0.11488985464079582,11,0.6986185515873016
531,0.14731690228174604,0.1153920347702295,11,0.7231690228174603
532,0.1464359126984127,0.1152648849299096,11,0.714359126984127
533,0.13731236645299144,0.11594239096588999,12,0.6808159722222222
534,0.14738485863095238,0.11475798851092786,11,0.7238485863095239
535,0.15046031125992065,0.11658784210348738,11,0.7546031125992063
536,0.14485745573870576,0.11732844274406473,12,0.7562668650793651
537,0.14485745573870576,0.11866919810698823,12,0.7562668650793651
538,0.15534179292929293,0.12077779571566288,10,0.7352361111111111
539,0.16983551587301587,0.1206994744568421,8,0.6983551587301586
540,0.17027723214285712,0.12140141570032631,8,0.7027723214285714
541,0.14640966021825397,0.11971706924233619,11,0.7140966021825397
542,0.15184139610389608,0.1194839999203723,10,0.7002321428571427
543,0.1496850716991342,0.1190874405386603,10,0.6786688988095237
544,0.1684860615079365,0.12035194460947443,8,0.684860615079365
545,0.14529508928571427,0.1192118655359798,11,0.7029508928571429
546,0.14870739087301588,0.11907180150420096,11,0.7370739087301588
547,0.15331413915945163,0.1197895714494095,10,0.7149595734126983
548,0.14424184027777778,0.11835888766607633,11,0.6924184027777778
549,0.14323419184981684,0.11865588167204331,12,0.7400342261904761
550,0.149142003742785,0.11623979280280128,10,0.6732382192460318
551,0.14857044890873014,0.11696400620275695,11,0.7357044890873015
552,0.17320753348214285,0.11996172465241392,8,0.7320753348214286
553,0.16260517113095238,0.12147349970437107,9,0.7260517113095237
554,0.20003413938492062,0.12661485221202723,6,0.7146271081349206
555,0.18492479538690476,0.13139491853769494,7,0.7242479538690476
556,0.18573531125992065,0.1345002291077186,7,0.7323531125992063
557,0.22677122395833332,0.13559896861212128,5,0.7677122395833333
558,0.1889266369047619,0.1378026004202511,7,0.764266369047619
559,0.22266388268849205,0.14652728851246022,5,0.7266388268849205
560,0.22262881944444443,0.147127985918274,5,0.7262881944444444
561,0.18585318390376984,0.14919112850676952,7,0.7335318390376984
562,0.1996799107142857,0.14800274356356483,6,0.7110848214285714
563,0.25079885912698413,0.1529217995032694,4,0.7079885912698413
564,0.2232311259920635,0.15257666543048967,5,0.732311259920635
565,0.22056092509920633,0.15156357437338003,5,0.7056092509920635
566,0.21996171874999998,0.1516656385455206,5,0.6996171874999999
567,0.20199554811507936,0.1507605946824443,6,0.734241195436508
568,0.20087706783234127,0.151834689831246,6,0.7230563926091269
569,0.20058864087301587,0.15198635374521316,6,0.720172123015873
570,0.20161112351190474,0.15027636984862056,6,0.730396949404762
571,0.20665872395833332,0.15016738704323146,6,0.7808729538690475
572,0.2234162884424603,0.15239987943773448,5,0.7341628844246031
573,0.22439046999007936,0.15539708357557216,5,0.7439046999007937
574,0.22196221478174602,0.15695945676028042,5,0.7196221478174603
575,0.2246390966021825,0.1579353705517573,5,0.7463909660218253
576,0.22397814980158728,0.1596333282446606,5,0.7397814980158729
577,0.22321085069444443,0.16149755574095534,5,0.7321085069444444
578,0.22559711681547617,0.16434780990410988,5,0.7559711681547618
579,0.25425277157738096,0.16561070944203363,4,0.7425277157738095
580,0.22529036148313492,0.1695027030280917,5,0.7529036148313493
581,0.2542967106894841,0.16851745603163684,4,0.7429671068948412
582,0.22499396701388888,0.16982128103385324,5,0.7499396701388888
583,0.25399671068948415,0.1722621417657863,4,0.7399671068948412
584,0.2556035559275794,0.17409275112777844,4,0.7560355592757935
585,0.22613510354662697,0.1727429900331873,5,0.7613510354662698
586,0.22492223152281743,0.17405164214388044,5,0.7492223152281745
587,0.22527081783234126,0.16834748420398532,5,0.7527081783234127
588,0.2547774646577381,0.1717137514761714,4,0.7477746465773809
589,0.25521001364087303,0.17580737854116368,4,0.7521001364087301
590,0.25431387338789685,0.181155689152861,4,0.7431387338789681
591,0.25454988529265876,0.18763415168186845,4,0.7454988529265872
592,0.2544701233878969,0.19071398742164966,4,0.7447012338789682
593,0.25466368427579367,0.19621519499966175,4,0.7466368427579365
594,0.25466555989583334,0.19584978911323053,4,0.7466555989583332
595,0.25439939856150795,0.1947485919406115,4,0.7439939856150793
596,0.25443054935515874,0.19658049557235294,4,0.7443054935515873
597,0.2551968098958334,0.19647211818281543,4,0.7519680989583333
598,0.25442974640376986,0.20049280525117236,4,0.7442974640376984
599,0.2989511749751984,0.2001569460682547,3,0.7395117497519841
600,0.29934730592757935,0.20251432174422804,3,0.7434730592757935
601,0.2985922557043651,0.20590382853973285,3,0.7359225570436507
602,0.2985462146577381,0.21247518770855878,3,0.735462146577381
603,0.2556677672371032,0.20949543922765604,4,0.7566776723710318
604,0.29694078621031744,0.20325897761656742,3,0.7194078621031745
605,0.2549220083085318,0.1970890713078155,4,0.7492200830853175
606,0.29940851624503967,0.20473346773820794,3,0.7440851624503968
607,0.2998671564980159,0.2006757159405264,3,0.7486715649801587
608,0.3001601314484127,0.19979705529062952,3,0.7516013144841269
609,0.30247429935515874,0.19544029704128338,3,0.7747429935515874
610,0.3014578311011905,0.19517411243617488,3,0.7645783110119047
611,0.30187845672123015,0.1973002827868746,3,0.7687845672123015
612,0.3017243892609127,0.19727979323367606,3,0.767243892609127
613,0.2993210162450397,0.20316265197497826,3,0.7432101624503968
614,0.3015986948164683,0.20706624095912765,3,0.7659869481646825
615,0.30272567894345237,0.2033309276981699,3,0.7772567894345238
616,0.3036155691964286,0.20611880240224184,3,0.7861556919642858
617,0.3029867900545635,0.20410325452910802,3,0.7798679005456349
618,0.30012875434027775,0.20473055077843164,3,0.7512875434027777
619,0.3025415767609127,0.20994107851957064,3,0.775415767609127
620,0.3042445374503968,0.2174044784057089,3,0.7924453745039681
621,0.30073590649801585,0.20676182814472857,3,0.7573590649801587
622,0.3039658110119048,0.20466085290685876,3,0.7896581101190476
623,0.3025836402529762,0.20255619214509454,3,0.7758364025297617
624,0.30158430989583335,0.20397770534630294,3,0.7658430989583334
625,0.3018717385912698,0.2064175870592081,3,0.7687173859126983
626,0.3030611297123016,0.1986633386942918,3,0.7806112971230159
627,0.3032644686259921,0.19881509234363734,3,0.7826446862599207
628,0.30372047371031746,0.20519040192945073,3,0.7872047371031745
629,0.3029189670138889,0.20381481103770363,3,0.779189670138889
630,0.3018663070436508,0.2011067972385688,3,0.7686630704365078
631,0.3048750930059524,0.19579561319951744,3,0.7987509300595238
632,0.3032774739583333,0.19674569158424046,3,0.7827747395833332
633,0.30330118427579367,0.1959349208382762,3,0.7830118427579364
634,0.3040910838293651,0.1922699424414561,3,0.7909108382936508
635,0.3010125186011905,0.19222234490726287,3,0.7601251860119047
636,0.30250554005456354,0.1930406809960873,3,0.7750554005456349
637,0.3022762989831349,0.1989894965511919,3,0.7727629898313493
638,0.30291487475198414,0.19951434694363793,3,0.7791487475198413
639,0.30289317336309524,0.20914595881245496,3,0.7789317336309524
640,0.3027626829117064,0.20794418252038757,3,0.7776268291170634
641,0.3030216765873016,0.21003820980213367,3,0.7802167658730159
642,0.30262859002976195,0.20679164678919182,3,0.776285900297619
643,0.30275018291170636,0.20474866260822508,3,0.7775018291170634
644,0.30134869481646825,0.2069256586427895,3,0.7634869481646825
645,0.30270643291170635,0.20287813173306735,3,0.7770643291170635
646,0.30321456783234124,0.20775495201174693,3,0.7821456783234126
647,0.30394287574404766,0.20558124808351377,3,0.7894287574404761
648,0.3011175533234127,0.20505148683824856,3,0.761175533234127
649,0.3044549975198413,0.20365791757743132,3,0.7945499751984126
650,0.30336171875,0.19762862805792303,3,0.7836171875
651,0.30278143291170634,0.2047450480027785,3,0.7778143291170635
652,0.3026739025297619,0.20400134997294359,3,0.776739025297619
653,0.3008729011656746,0.2010571061874323,3,0.758729011656746
654,0.30278144221230163,0.19911858664013932,3,0.7778144221230159
655,0.30278144221230163,0.20681283385191193,3,0.7778144221230159
656,0.30182002418154763,0.2040477388425377,3,0.7682002418154762
657,0.2584396670386905,0.20265421535148878,4,0.7843966703869047
658,0.30234482576884925,0.2024906976859945,3,0.773448257688492
659,0.3012684461805556,0.19701380449628503,3,0.7626844618055555
660,0.30099942336309526,0.1942075170853453,3,0.7599942336309523
661,0.30232243923611113,0.19352892753839035,3,0.7732243923611111
662,0.37551790674603175,0.19590115770514202,2,0.7551790674603174
663,0.301372603546627,0.19940470505601168,3,0.7637260354662698
664,0.3008275886656746,0.19394396429698774,3,0.7582758866567461
665,0.3009109499007937,0.19177983890003222,3,0.7591094990079366
666,0.3749093005952381,0.1943378340576524,2,0.7490930059523808
667,0.37445797371031747,0.20012356458602157,2,0.7445797371031746
668,0.2997458519345238,0.20408965009794894,3,0.7474585193452381
669,0.2993724392361111,0.2015617616149042,3,0.7437243923611112
670,0.29962022259424603,0.19623772387660082,3,0.7462022259424603
671,0.2996657924107143,0.19590883214398447,3,0.7466579241071429
672,0.299122513640873,0.19150236891602326,3,0.7412251364087301
673,0.300481234499008,0.1912107292878563,3,0.7548123449900794
674,0.2996502914186508,0.19039570575171358,3,0.7465029141865078
675,0.3761922123015873,0.1999728838444541,2,0.761922123015873
676,0.3773615203373016,0.19064803508991016,2,0.7736152033730157
677,0.29950011160714285,0.18746498250122273,3,0.7450011160714285
678,0.3796963665674603,0.18719522521619003,2,0.7969636656746031
679,0.37885507812499997,0.18436794498210116,2,0.7885507812499999
680,0.37639503348214287,0.19269279957997731,2,0.7639503348214285
681,0.3003475322420635,0.1877622869294334,3,0.753475322420635
682,0.303512748015873,0.18644877445579597,3,0.78512748015873
683,0.37756551339285715,0.18728248565605402,2,0.7756551339285715
684,0.3055236483134921,0.18680476667906742,3,0.8052364831349206
685,0.37828804563492063,0.19170028447073764,2,0.7828804563492062
686,0.3757903521825397,0.18963535544425195,2,0.7579035218253969
687,0.3012156870039683,0.19141209860082356,3,0.7621568700396826
688,0.3026249503968254,0.19247492453318737,3,0.776249503968254
689,0.29961641865079364,0.18886278105965218,3,0.7461641865079365
690,0.3002077132936508,0.17831703814456973,3,0.7520771329365079
691,0.3756830853174603,0.17596378306003888,2,0.7568308531746031
692,0.299381498015873,0.17468745023075877,3,0.74381498015873
693,0.30154247271825396,0.18199012419481558,3,0.7654247271825396
694,0.29832243303571426,0.17917937741143408,3,0.7332243303571429
695,0.30203304811507936,0.18156463219549546,3,0.7703304811507935
696,0.37489860491071425,0.18901997774664558,2,0.7489860491071427
697,0.3020435639880953,0.18765215170701688,3,0.7704356398809524
698,0.3750518973214286,0.19548062438126107,2,0.7505189732142856
699,0.37582211681547617,0.1957072371092449,2,0.7582211681547617
700,0.3017582279265873,0.19338506063467784,3,0.767582279265873
701,0.37602223462301587,0.19178192896404817,2,0.7602223462301587
702,0.3019509858630952,0.18993810894227295,3,0.7695098586309523
703,0.37479802827380954,0.1962888172018954,2,0.7479802827380952
704,0.37568072916666667,0.19751805211520254,2,0.7568072916666667
705,0.37680540674603175,0.19764399079566267,2,0.7680540674603173
706,0.37718632192460316,0.1903175365840756,2,0.7718632192460317
707,0.3030933779761905,0.19359932656536175,3,0.7809337797619047
708,0.3769193948412698,0.2019895932938589,2,0.7691939484126983
709,0.30108253348214287,0.19969573256322665,3,0.7608253348214286
710,0.3016238219246032,0.20052121985002838,3,0.7662382192460316
711,0.3756431671626984,0.20507773374173577,2,0.7564316716269841
712,0.3753912822420635,0.20262767687759284,2,0.7539128224206348
713,0.37677449776785715,0.19927174315745017,2,0.7677449776785714
714,0.524884337797619,0.21591679597919433,1,0.7488433779761904
715,0.5268774925595239,0.2126505178660315,1,0.7687749255952381
716,0.5268774925595239,0.21011688201533713,1,0.7687749255952381
717,0.5264865203373016,0.22244455566829002,1,0.7648652033730159
718,0.5271004092261905,0.23610371992569068,1,0.7710040922619047
719,0.5278584821428571,0.23849712488769914,1,0.7785848214285714
720,0.5277629092261905,0.24149623535579007,1,0.7776290922619047
721,0.5270941592261905,0.23386128008601634,1,0.7709415922619047
722,0.5269066592261905,0.225806328116545,1,0.7690665922619047
723,0.5269066592261905,0.23482453564100833,1,0.7690665922619047
724,0.5262837053571429,0.23707011547393583,1,0.7628370535714284
725,0.5273105282738095,0.24002424413216986,1,0.7731052827380952
726,0.5269517981150794,0.2471834306401065,1,0.7695179811507936
727,0.5271240203373015,0.25036229909023255,1,0.7712402033730159
728,0.5281441964285715,0.25078936867559526,1,0.7814419642857142
729,0.5275861607142858,0.24497561452132935,1,0.775861607142857
730,0.5268977678571429,0.24621933716066924,1,0.7689776785714285
731,0.5277990203373016,0.2560259618675595,1,0.7779902033730159
732,0.5278174107142857,0.24973272652304287,1,0.7781741071428572
733,0.5275415178571429,0.24702720708848447,1,0.7754151785714285
734,0.5268433035714286,0.25239702092395455,1,0.7684330357142857
735,0.5284317956349207,0.2616807072172619,1,0.7843179563492063
736,0.5273705481150794,0.26420110320322043,1,0.7737054811507936
737,0.5269977678571429,0.268228197234623,1,0.7699776785714285
738,0.5259994171626985,0.25994240432787685,1,0.7599941716269841
739,0.527594853670635,0.2767390547720509,1,0.7759485367063492
740,0.5273001116071429,0.271528673983135,1,0.7730011160714285
741,0.5283191964285714,0.27832056758432544,1,0.7831919642857142
742,0.5278377108134921,0.26177652122790407,1,0.7783771081349207
743,0.5279135664682539,0.26512407930871223,1,0.7791356646825396
744,0.5275390004960318,0.267562075751939,1,0.7753900049603175
745,0.5272413814484127,0.2634361866375812,1,0.7724138144841269
746,0.9764590277777778,0.2809637498590818,0,0.7645902777777778
747,0.977396626984127,0.28272151382688504,0,0.7739662698412697
748,0.5277860243055555,0.2828827657490078,1,0.7778602430555555
749,0.5285136284722223,0.28904640135168647,1,0.7851362847222222
750,0.5277568576388889,0.28308844233630953,1,0.7775685763888889
751,0.52750546875,0.28500893061755955,1,0.7750546875
752,0.5278068576388889,0.27325246093750016,1,0.7780685763888889
753,0.5285638020833333,0.2963531991567461,1,0.7856380208333333
754,0.528225074404762,0.2924364691840277,1,0.7822507440476191
755,0.5286063616071428,0.2982264123263889,1,0.7860636160714285
756,0.5283376116071429,0.2976442222447691,1,0.7833761160714285
757,0.5306852678571429,0.29810270535714295,1,0.8068526785714285
758,0.5274209449404762,0.29597787111629686,1,0.7742094494047619
759,0.5282938616071429,0.28088603999255957,1,0.7829386160714286
760,0.5282938616071429,0.29160492720734116,1,0.7829386160714286
761,0.5282938616071429,0.29727431671626986,1,0.7829386160714286
762,0.5284528893849206,0.2901960137648808,1,0.7845288938492063
763,0.5284528893849206,0.28165704985119044,1,0.7845288938492063
764,0.5271066592261905,0.2766969388640874,1,0.7710665922619048
765,0.5277709449404762,0.2833421066693724,1,0.7777094494047618
766,0.5276420758928572,0.2820463344494048,1,0.7764207589285713
767,0.5274959449404761,0.284321527281746,1,0.7749594494047618
768,0.5276938616071429,0.2763088686755953,1,0.7769386160714286
769,0.5276938616071429,0.29942589980158746,1,0.7769386160714286
770,0.5275945560515873,0.29710347085813493,1,0.7759455605158729
771,0.5276938616071429,0.2920849050719245,1,0.7769386160714286
772,0.5284698908730159,0.2877858262648809,1,0.7846989087301586
773,0.5284136408730159,0.28774858568948414,1,0.7841364087301588
774,0.52807890625,0.29392111222718237,1,0.7807890625
775,0.5276501116071428,0.2970904231150794,1,0.7765011160714285
776,0.5276938616071429,0.29820830078124994,1,0.7769386160714286
777,0.5277198908730159,0.306809267733135,1,0.7771989087301587
778,0.5282239831349207,0.2970097629588293,1,0.7822398313492063
779,0.5282239831349207,0.2875438558407738,1,0.7822398313492063
780,0.5273216393849206,0.2770871245039683,1,0.7732163938492063
781,0.5283379092261905,0.2777758172743056,1,0.7833790922619046
782,0.5284254092261905,0.27931391939484124,1,0.7842540922619048
783,0.5274049727182539,0.28308336817956353,1,0.7740497271825395
784,0.528357849702381,0.28305435877750723,1,0.7835784970238094
785,0.5272018973214285,0.28015782428075403,1,0.7720189732142856
786,0.5307865575396825,0.27551287682066183,1,0.8078655753968254
787,0.5302135416666667,0.26471261332634377,1,0.8021354166666665
788,0.5313557663690476,0.26516723551361826,1,0.8135576636904762
789,0.5291844370039682,0.2576310974593982,1,0.7918443700396824
790,0.5298782862103175,0.25875948390151515,1,0.7987828621031745
791,0.5298930679563492,0.2687905691964286,1,0.7989306795634921
792,0.5298966393849206,0.27492969161480885,1,0.7989663938492062
793,0.531558841765873,0.2834927896205357,1,0.81558841765873
794,0.5306629464285715,0.2883182031250001,1,0.8066294642857142
795,0.5296268973214285,0.2874969931175595,1,0.7962689732142856
796,0.5300243179563492,0.27454107068452377,1,0.8002431795634919
797,0.5299965401785715,0.2729846148313492,1,0.7999654017857143
798,0.5303284846230159,0.28111138504464295,1,0.8032848462301587
799,0.5300493179563492,0.2872420030381944,1,0.800493179563492
800,0.5302727306547619,0.3263779135664682,1,0.802727306547619
801,0.531108345734127,0.30582944791666666,1,0.8110834573412697
802,0.5306293774801587,0.2957545071304563,1,0.8062937748015871
803,0.5305549727182539,0.2880182136656747,1,0.8055497271825396
804,0.530229972718254,0.29089836222718246,1,0.8022997271825396
805,0.5310383060515873,0.2883712790798611,1,0.8103830605158729
806,0.5306108630952381,0.28267277240597943,1,0.806108630952381
807,0.5307192956349207,0.28714492702132943,1,0.8071929563492064
808,0.5297493179563493,0.2746671468479437,1,0.7974931795634921
809,0.530992472718254,0.28090792714533724,1,0.8099247271825396
810,0.5300786458333333,0.27523308686755943,1,0.8007864583333333
811,0.5302577504960317,0.2750125374729437,1,0.8025775049603174
812,0.531966083829365,0.2857165839533729,1,0.8196608382936508
813,0.5301153893849206,0.2789485122373287,1,0.8011538938492063
814,0.5297091393849207,0.2604835315825667,1,0.7970913938492064
815,0.5297091393849207,0.27379601841517853,1,0.7970913938492064
816,0.5309659846230159,0.2757716705109126,1,0.8096598462301586
817,0.530892472718254,0.2772445070684524,1,0.8089247271825396
818,0.5313798859126984,0.28272440761408746,1,0.813798859126984
819,0.5314453621031746,0.2851001231398809,1,0.8144536210317459
820,0.5316555679563493,0.2731170147174875,1,0.8165556795634921
821,0.5316416790674603,0.2779965519593253,1,0.8164167906746032
822,0.531600607638889,0.2849435630805826,1,0.816006076388889
823,0.530992013888889,0.28657639310515864,1,0.8099201388888889
824,0.5309803075396825,0.2780707469223483,1,0.8098030753968253
825,0.5302438616071429,0.27766460156250006,1,0.8024386160714285
826,0.5302264012896826,0.2957411999007936,1,0.8022640128968253
827,0.5317479290674603,0.30907716034226196,1,0.8174792906746031
828,0.5315384052579365,0.3160645671502976,1,0.815384052579365
829,0.5304077504960317,0.3198124549851191,1,0.8040775049603175
830,0.5302433655753969,0.3144444417782737,1,0.8024336557539682
831,0.530911222718254,0.3160885331387362,1,0.8091122271825396
832,0.5302438616071429,0.3333123840525795,1,0.8024386160714285
833,0.5307212797619048,0.3327109945436508,1,0.8072127976190475
834,0.5314616195436508,0.34130005239335304,1,0.8146161954365081
835,0.5313192584325397,0.34153568824404756,1,0.8131925843253969
836,0.5313192584325397,0.34346534486607155,1,0.8131925843253969
837,0.5317074528769842,0.35084578404017847,1,0.8170745287698413
838,0.5315363219246032,0.33323693818204375,1,0.8153632192460318
839,0.5315363219246032,0.3359681820436507,1,0.8153632192460318
840,0.5313037822420635,0.3230755618179563,1,0.8130378224206349
841,0.5313225322420635,0.3056705801091269,1,0.8132253224206349
842,0.5313225322420635,0.31016712152777776,1,0.8132253224206349
843,0.5313225322420635,0.3064653305431548,1,0.8132253224206349
844,0.5303438616071429,0.29842622811259917,1,0.8034386160714286
845,0.5304300719246031,0.30036416133432536,1,0.8043007192460316
846,0.5307518353174603,0.3124774073040675,1,0.8075183531746032
847,0.5303251116071428,0.316216775483631,1,0.8032511160714284
848,0.5308023933531746,0.32554241672867057,1,0.8080239335317461
849,0.5310813616071428,0.3418311633184522,1,0.8108136160714285
850,0.5304773933531746,0.334834257874504,1,0.804773933531746
851,0.5304773933531746,0.3200294667658732,1,0.804773933531746
852,0.5306518353174603,0.3255008191964286,1,0.8065183531746032
853,0.5303037822420635,0.3231015762254238,1,0.8030378224206348
854,0.5305329489087302,0.3282609641617063,1,0.8053294890873015
855,0.5312402281746031,0.3236926879960317,1,0.8124022817460317
856,0.5308921130952381,0.3108797042410715,1,0.8089211309523809
857,0.5305618799603175,0.30839432167658726,1,0.8056187996031745
858,0.5308171130952382,0.32341691393849203,1,0.8081711309523809
859,0.5309888392857143,0.3240515401785715,1,0.8098883928571428
860,0.531218005952381,0.3213055948040676,1,0.8121800595238095
861,0.5306068576388889,0.31906655667162714,1,0.8060685763888888
862,0.5305425719246032,0.3369860220734127,1,0.8054257192460317
863,0.5305425719246032,0.3427742252604166,1,0.8054257192460317
864,0.5310671750992063,0.348451820188492,1,0.8106717509920633
865,0.5309671750992063,0.36769711160714275,1,0.8096717509920635
866,0.5305455481150794,0.3685075842013889,1,0.8054554811507936
867,0.5310626488095238,0.3601468887028769,1,0.8106264880952381
868,0.5316778025793651,0.359301422061012,1,0.8167780257936508
869,0.5317420882936508,0.3465716674727184,1,0.8174208829365078
870,0.5317778025793651,0.34503685602678574,1,0.8177780257936508
871,0.5329010168650794,0.3385938438120039,1,0.8290101686507938
872,0.5305711433531746,0.32974203044394845,1,0.8057114335317459
873,0.5309515376984127,0.3190137359871033,1,0.809515376984127
874,0.5309483630952381,0.3159760419146824,1,0.809483630952381
875,0.5304211433531746,0.2946089278273809,1,0.804211433531746
876,0.5313787202380953,0.2980593076636905,1,0.8137872023809524
877,0.530837251984127,0.29324867354910716,1,0.8083725198412698
878,0.5302407862103174,0.2942942429935515,1,0.8024078621031745
879,0.5304848338293651,0.31184869115823416,1,0.8048483382936508
880,0.5302765004960317,0.3088395574776787,1,0.8027650049603174
881,0.5305241195436508,0.3074905427827382,1,0.805241195436508
882,0.5305241195436508,0.3180805877976189,1,0.805241195436508
883,0.5308737599206349,0.3341519811507935,1,0.8087375992063491
884,0.5308737599206349,0.34208445114087305,1,0.8087375992063491
885,0.5309515376984127,0.32430343464781736,1,0.809515376984127
886,0.5311630084325397,0.3198275134548611,1,0.8116300843253967
887,0.5311630084325397,0.32970447135416664,1,0.8116300843253967
888,0.5305678323412698,0.33045091362847223,1,0.8056783234126983
889,0.5304954489087301,0.32550200985863087,1,0.8049544890873015
890,0.5310507440476191,0.317441162264385,1,0.8105074404761905
891,0.5307076512896826,0.31087892559523833,1,0.8070765128968254
892,0.5304541790674603,0.3057819386160715,1,0.8045417906746031
893,0.5304898933531746,0.30001059368799604,1,0.804898933531746
894,0.5305097346230159,0.28446882260664685,1,0.8050973462301587
895,0.5311873139880953,0.2950712096354166,1,0.8118731398809522
896,0.5309442584325397,0.2965407250744047,1,0.8094425843253967
897,0.5304854290674603,0.28774780514407466,1,0.8048542906746031
898,0.5303764012896826,0.30110503652033727,1,0.8037640128968253
899,0.5305598958333333,0.2948623232886905,1,0.8055989583333333
900,0.530290091765873,0.28846302256944434,1,0.8029009176587301
901,0.5316450892857143,0.30320691815476186,1,0.8164508928571428
902,0.5308267609126984,0.29122755747767853,1,0.808267609126984
903,0.5308346974206349,0.3034931388888889,1,0.8083469742063492
904,0.5305568576388889,0.3030556129092261,1,0.8055685763888889
905,0.5305839409722222,0.32350522379486824,1,0.8058394097222221
906,0.5311059027777778,0.32742298170882933,1,0.8110590277777778
907,0.5305568576388889,0.3169182446676586,1,0.8055685763888889
908,0.5309739583333334,0.3271365488591268,1,0.8097395833333334
909,0.5313206845238095,0.33637845839533725,1,0.8132068452380952
910,0.5306424851190477,0.33574914205109124,1,0.8064248511904761
911,0.5305568576388889,0.32381548195684523,1,0.8055685763888889
912,0.5312085813492063,0.33005220033482124,1,0.8120858134920634
913,0.5312085813492063,0.3425334255332341,1,0.8120858134920634
914,0.5312890004960318,0.32576241300843245,1,0.8128900049603174
915,0.5309729662698413,0.3404751590401785,1,0.8097296626984127
916,0.5312398313492064,0.3301321635044643,1,0.8123983134920635
917,0.5305568576388889,0.32619429278273804,1,0.8055685763888889
918,0.5309450148809524,0.3224555344742063,1,0.8094501488095238
919,0.5307081473214286,0.32357850892857143,1,0.8070814732142857
920,0.5305568576388889,0.33045000713045625,1,0.8055685763888889
921,0.5305568576388889,0.3140699310515872,1,0.8055685763888889
922,0.5310371527777777,0.3126883516865079,1,0.8103715277777778
923,0.5306040798611111,0.31173824512423354,1,0.8060407986111111
924,0.5306040798611111,0.3030459905133928,1,0.8060407986111111
925,0.5306596354166666,0.3101763872147817,1,0.8065963541666665
926,0.5306568576388889,0.3169646981646824,1,0.8065685763888888
927,0.5315006076388888,0.32559622743055555,1,0.8150060763888888
928,0.5311634424603174,0.3360080177331348,1,0.8116344246031746
929,0.5306194196428572,0.35548674671378966,1,0.8061941964285715
930,0.5306291790674603,0.3382445666542659,1,0.806291790674603
931,0.5306568576388889,0.35108610280257935,1,0.8065685763888888
932,0.5305970362103175,0.35672630040922626,1,0.8059703621031746
933,0.5306009052579366,0.34886039391121015,1,0.8060090525793651
934,0.5305970362103175,0.344578070188492,1,0.8059703621031746
935,0.5305782862103174,0.34144229600694426,1,0.8057828621031744
936,0.5313916790674603,0.33952635261656744,1,0.8139167906746032
937,0.530602591765873,0.33512431894841277,1,0.8060259176587301
938,0.5313633432539683,0.3457697881324404,1,0.8136334325396825
939,0.5306413194444445,0.37458679247271803,1,0.8064131944444444
940,0.5311649305555556,0.3672039132564484,1,0.8116493055555556
941,0.5313077876984127,0.35665622922867063,1,0.8130778769841269
942,0.5310223710317461,0.3491888047495039,1,0.8102237103174603
943,0.5305998139880952,0.34178786173115083,1,0.8059981398809524
944,0.5313501488095238,0.3296999388020835,1,0.813501488095238
945,0.5313334821428571,0.33429614806547625,1,0.8133348214285714
946,0.5310202876984127,0.3369429634176588,1,0.810202876984127
947,0.5312640376984127,0.3449104626736111,1,0.8126403769841269
948,0.5306671750992064,0.32600172061011906,1,0.8066717509920636
949,0.530633841765873,0.3421148854786706,1,0.80633841765873
950,0.530558841765873,0.3213074937996033,1,0.80558841765873
951,0.5320082465277778,0.31814460639880937,1,0.8200824652777777
952,0.5320082465277778,0.32359062735615085,1,0.8200824652777777
953,0.5320082465277778,0.3269488817584324,1,0.8200824652777777
954,0.5321256076388889,0.33416215345982153,1,0.8212560763888889
955,0.53166796875,0.3250598756200397,1,0.8166796875
956,0.5323787202380953,0.3093109516989086,1,0.8237872023809524
957,0.5306543154761905,0.29830741641865083,1,0.8065431547619047
958,0.531968576388889,0.2938755111832612,1,0.8196857638888889
959,0.5327097718253968,0.3011434950396826,1,0.8270977182539683
960,0.531968576388889,0.2831643888268848,1,0.8196857638888889
961,0.5319990203373016,0.2807221509007485,1,0.8199902033730158
962,0.5308684771825397,0.2825028966224748,1,0.8086847718253968
963,0.5320644965277778,0.3060298446180556,1,0.8206449652777776
964,0.5324288194444444,0.3185969535590278,1,0.8242881944444445
965,0.5320957465277778,0.3142784330357144,1,0.8209574652777778
966,0.5322878472222222,0.3085253604910716,1,0.8228784722222222
967,0.5319582465277778,0.2799820795736382,1,0.8195824652777777
968,0.53189296875,0.2868887810639881,1,0.8189296875000001
969,0.5320427703373016,0.2892830516779228,1,0.8204277033730158
970,0.5315447916666667,0.27804845858134913,1,0.8154479166666666
971,0.5314850694444444,0.2723457854042659,1,0.8148506944444445
972,0.5314195932539683,0.2838860845734126,1,0.8141959325396826
973,0.5315615575396826,0.27758863134695166,1,0.8156155753968254
974,0.5323492187500001,0.2685675013866341,1,0.8234921875
975,0.53228046875,0.2768052868815212,1,0.8228046874999999
976,0.53228046875,0.2770708819669913,1,0.8228046874999999
977,0.5321122147817461,0.27488412487599206,1,0.8211221478174603
978,0.5323999131944445,0.2824792566344246,1,0.8239991319444444
979,0.5319844370039682,0.28156538020833327,1,0.8198443700396825
980,0.5318447916666666,0.28223501701163434,1,0.8184479166666666
981,0.5319219370039683,0.28740486191716275,1,0.8192193700396826
982,0.532806994047619,0.2777967381797891,1,0.8280699404761904
983,0.5325917162698413,0.2843126858258929,1,0.8259171626984126
984,0.5320406870039682,0.2788603412923882,1,0.8204068700396825
985,0.5322552703373016,0.292282412789034,1,0.8225527033730159
986,0.5331142981150794,0.27573341759672615,1,0.8311429811507935
987,0.5337392981150794,0.2845767919372296,1,0.8373929811507936
988,0.5329436631944444,0.2868508780832882,1,0.8294366319444444
989,0.5322517981150794,0.2962964424208603,1,0.8225179811507937
990,0.5319707465277778,0.26877199431818194,1,0.8197074652777778
991,0.5321122147817461,0.27379603854955803,1,0.8211221478174603
992,0.5322589409722223,0.28380381243799596,1,0.8225894097222222
993,0.5322589409722223,0.27019848836580107,1,0.8225894097222222
994,0.5322589409722223,0.2741056406475469,1,0.8225894097222222
995,0.532249714781746,0.27394102060786435,1,0.8224971478174603
996,0.5325180679563493,0.2691571240304834,1,0.825180679563492
997,0.5326573908730159,0.2663820003945708,1,0.8265739087301587
998,0.5322589409722223,0.25989155828373023,1,0.8225894097222222
999,0.5324811631944445,0.2544915826118327,1,0.8248116319444444
1000,0.5307287822420635,0.255545337797619,1,0.8072878224206349
1001,0.5319275297619048,0.2661593834550866,1,0.8192752976190476
1002,0.5322839409722222,0.27622207533482146,1,0.8228394097222222
1003,0.5333985243055556,0.2879357376837571,1,0.8339852430555554
1004,0.5333538814484127,0.29656179228670626,1,0.8335388144841269
1005,0.5323151909722222,0.29881400117807533,1,0.8231519097222222
1006,0.5330943948412699,0.29778737998286436,1,0.8309439484126984
1007,0.5330663814484127,0.30067545907738097,1,0.830663814484127
1008,0.5322839409722222,0.3068770354662698,1,0.8228394097222222
1009,0.5322839409722222,0.31318111879960303,1,0.8228394097222222
1010,0.5323017981150794,0.3177602247643849,1,0.8230179811507936
1011,0.5323707465277778,0.3081467731274801,1,0.8237074652777777
1012,0.5325061631944444,0.3069144424434073,1,0.8250616319444444
1013,0.5331297743055555,0.30710363903544374,1,0.8312977430555555
1014,0.5327487847222222,0.298064968501984,1,0.8274878472222222
1015,0.5322205481150794,0.3091671326884919,1,0.8222054811507936
1016,0.5332705481150793,0.31695570176091276,1,0.8327054811507937
1017,0.5324279513888889,0.3219948448660715,1,0.8242795138888888
1018,0.5322339409722222,0.31161507564484126,1,0.8223394097222222
1019,0.5322205481150794,0.3116356915922619,1,0.8222054811507936
1020,0.5322705481150793,0.31214511489335317,1,0.8227054811507937
1021,0.5324927703373016,0.3070025998883928,1,0.8249277033730158
1022,0.5322705481150793,0.29606957843501985,1,0.8227054811507937
1023,0.5322839409722222,0.3049947494419642,1,0.8228394097222222
1024,0.5327160218253968,0.31575958075171356,1,0.8271602182539683
1025,0.5322705481150793,0.30279111367582073,1,0.8227054811507937
1026,0.5322705481150793,0.288972398251488,1,0.8227054811507937
1027,0.5330368551587301,0.3140115814112104,1,0.8303685515873016
1028,0.5330368551587301,0.3114982525421627,1,0.8303685515873016
1029,0.5330368551587301,0.32403731287202375,1,0.8303685515873016
1030,0.5330368551587301,0.32743910292658734,1,0.8303685515873016
1031,0.5329035218253968,0.3039187627108133,1,0.8290352182539682
1032,0.5322705481150793,0.3052649817708333,1,0.8227054811507937
1033,0.5324464409722223,0.32630312884424606,1,0.8244644097222221
1034,0.5329812996031746,0.3181952413814483,1,0.8298129960317461
1035,0.5322839409722222,0.31826175768849196,1,0.8228394097222222
1036,0.5322839409722222,0.31679660323660724,1,0.8228394097222222
1037,0.5332119543650794,0.31791127802579366,1,0.8321195436507935
1038,0.5330297743055555,0.32355846161954377,1,0.8302977430555555
1039,0.5322705481150793,0.31116078596230173,1,0.8227054811507937
1040,0.5322964409722222,0.31714279848710314,1,0.8229644097222222
1041,0.5322339409722222,0.32396676934523816,1,0.8223394097222222
1042,0.5328589409722222,0.3297669872271826,1,0.8285894097222222
1043,0.5328589409722222,0.35275993173363085,1,0.8285894097222222
1044,0.5329089409722222,0.36787215376984145,1,0.8290894097222221
1045,0.5328589409722222,0.3510492736855157,1,0.8285894097222222
1046,0.5329089409722222,0.3400712257564484,1,0.8290894097222221
1047,0.5323464409722223,0.32625088008432535,1,0.8234644097222221
1048,0.5322410838293651,0.3252822823040676,1,0.8224108382936508
1049,0.5324101314484126,0.3269191892981152,1,0.8241013144841269
1050,0.5325101314484127,0.3279256329365079,1,0.825101314484127
1051,0.5324672743055556,0.33182600750248,1,0.8246727430555556
1052,0.532406001984127,0.32963805022321435,1,0.8240600198412699
1053,0.5322839409722222,0.3326756781994049,1,0.8228394097222222
1054,0.5325379092261905,0.338551525297619,1,0.8253790922619048
1055,0.5326725942460317,0.34964961179315474,1,0.8267259424603175
1056,0.5331927703373016,0.3521777238343254,1,0.8319277033730159
1057,0.5333464409722222,0.34369385540674613,1,0.8334644097222221
1058,0.5332205481150794,0.3281566643105158,1,0.8322054811507935
1059,0.53232421875,0.31881586954365093,1,0.8232421875
1060,0.5326987847222222,0.31664336669146825,1,0.8269878472222222
1061,0.53332421875,0.31267571006944456,1,0.8332421875
1062,0.5323386036706349,0.3080645714285715,1,0.8233860367063492
1063,0.5323386036706349,0.3195810454489088,1,0.8233860367063492
1064,0.5323519965277778,0.3210630088045633,1,0.8235199652777777
1065,0.532357353670635,0.3263529870637175,1,0.8235735367063491
1066,0.5331302703373015,0.33291415649801587,1,0.8313027033730158
1067,0.5332427703373016,0.32191218402777766,1,0.8324277033730159
1068,0.5327702132936508,0.31096162524801585,1,0.827702132936508
1069,0.5323330481150794,0.3114726536458333,1,0.8233304811507937
1070,0.5322964409722222,0.30594065172371027,1,0.8229644097222222
1071,0.5331649925595239,0.3214324573412698,1,0.8316499255952381
1072,0.5325504092261905,0.3126324986979168,1,0.8255040922619047
1073,0.5323691592261905,0.31751558413938485,1,0.8236915922619048
1074,0.5323386036706349,0.3259270899677578,1,0.8233860367063492
1075,0.5329035218253968,0.352689773871528,1,0.8290352182539682
1076,0.5334325892857144,0.34687830034722233,1,0.8343258928571429
1077,0.5329919146825397,0.3637902263144842,1,0.8299191468253968
1078,0.5329419146825397,0.35268228162202386,1,0.8294191468253969
1079,0.5329089409722222,0.34325301723710316,1,0.8290894097222221
1080,0.5329169146825397,0.35494244983878964,1,0.8291691468253968
1081,0.5327785218253969,0.3580445847594245,1,0.8277852182539682
1082,0.5323937624007937,0.3724165130828373,1,0.8239376240079366
1083,0.5330458829365079,0.35786063206845226,1,0.8304588293650794
1084,0.5327969618055556,0.3387857989211309,1,0.8279696180555556
1085,0.5325101314484127,0.32560243229166674,1,0.825101314484127
1086,0.5322839409722222,0.32569132403273804,1,0.8228394097222222
1087,0.5322839409722222,0.346617261842758,1,0.8228394097222222
1088,0.5322839409722222,0.33822510925099186,1,0.8228394097222222
1089,0.5323200520833333,0.35098262239583333,1,0.8232005208333333
1090,0.5323700520833333,0.35363640135168645,1,0.8237005208333332
1091,0.5328307291666667,0.36098587220982137,1,0.8283072916666667
1092,0.5328825520833333,0.3539485850694446,1,0.8288255208333333
1093,0.5323700520833333,0.32512460652281716,1,0.8237005208333332
1094,0.5323700520833333,0.33245806696428576,1,0.8237005208333332
1095,0.5323700520833333,0.3266947721974207,1,0.8237005208333332
1096,0.5323700520833333,0.3168784690600198,1,0.8237005208333332
1097,0.5322672743055555,0.30926329662698404,1,0.8226727430555555
1098,0.5325045758928572,0.30063631460813484,1,0.8250457589285713
1099,0.5325045758928572,0.31337582777552303,1,0.8250457589285713
1100,0.5328756076388889,0.3018621636904762,1,0.8287560763888888
1101,0.5325045758928572,0.29836025992063503,1,0.8250457589285713
1102,0.5325045758928572,0.31055515463789685,1,0.8250457589285713
1103,0.5325740203373016,0.3234999148685515,1,0.8257402033730159
1104,0.533170808531746,0.3176731139632938,1,0.8317080853174603
1105,0.5325740203373016,0.3140724566592261,1,0.8257402033730159
1106,0.5331350942460318,0.31839421118551575,1,0.8313509424603174
1107,0.5333597718253968,0.3215453733258927,1,0.8335977182539682
1108,0.5322672743055555,0.31106134257192464,1,0.8226727430555555
1109,0.5325045758928572,0.3090294681525073,1,0.8250457589285713
1110,0.5325427703373016,0.30995137313988086,1,0.8254277033730159
1111,0.5324023313492063,0.30862966517857143,1,0.8240233134920635
1112,0.5328781498015873,0.3122016628844246,1,0.828781498015873
1113,0.5322413814484127,0.29771358097718253,1,0.822413814484127
1114,0.5321638020833334,0.2949276058633208,1,0.8216380208333333
1115,0.531403763640873,0.28240126595756676,1,0.8140376364087302
1116,0.5324872147817461,0.28351680508207067,1,0.8248721478174603
1117,0.5323399925595238,0.28087109988839276,1,0.823399925595238
1118,0.532119357638889,0.28939727300347234,1,0.8211935763888889
1119,0.5321638020833334,0.2773843208085316,1,0.8216380208333333
1120,0.5322661830357143,0.2627430145314755,1,0.8226618303571429
1121,0.5322661830357143,0.25280929743867225,1,0.8226618303571429
1122,0.5322506076388889,0.2674718132665945,1,0.822506076388889
1123,0.531175533234127,0.25635167704387635,1,0.8117553323412698
1124,0.532368960813492,0.25821873245287696,1,0.8236896081349206
1125,0.532407849702381,0.25422096507485564,1,0.8240784970238095
1126,0.5321538814484127,0.24935918128876328,1,0.8215388144841269
1127,0.5321538814484127,0.24398021346275248,1,0.8215388144841269
1128,0.5321677703373016,0.24727776988636374,1,0.8216777033730158
1129,0.5327017981150793,0.2443311183965774,1,0.8270179811507936
1130,0.532368960813492,0.2445880196158007,1,0.8236896081349206
1131,0.3822771949404762,0.2384025042162699,2,0.8227719494047618
1132,0.5324557663690477,0.24240796596545805,1,0.8245576636904761
1133,0.5328045386904762,0.24521586055307548,1,0.8280453869047619
1134,0.983075992063492,0.2507399608312694,0,0.8307599206349205
1135,0.5315693948412699,0.24154966061282473,1,0.8156939484126984
1136,0.5301404141865079,0.23662482207115798,1,0.8014041418650792
1137,0.5299965029761905,0.23070591481825475,1,0.7999650297619048
1138,0.529644816468254,0.2260332324025801,1,0.7964481646825396
1139,0.5293659226190477,0.22318524762130226,1,0.7936592261904761
1140,0.5307985243055555,0.2251411208799881,1,0.8079852430555555
1141,0.38084582713293647,0.22504044025397346,2,0.808458271329365
1142,0.5303922743055556,0.230686743371212,1,0.8039227430555556
1143,0.3805485243055555,0.23428068329543716,2,0.8054852430555555
1144,0.5317171130952381,0.2412543832296176,1,0.817171130952381
1145,0.380634337797619,0.24430846556243235,2,0.8063433779761904
1146,0.5285387028769841,0.24501111375191661,1,0.7853870287698412
1147,0.5279905257936508,0.24334768976314491,1,0.7799052579365078
1148,0.3789547743055556,0.2318876482801054,2,0.7895477430555555
1149,0.38075540674603175,0.22877883774125196,2,0.8075540674603174
1150,0.5295544766865079,0.22690612706347477,1,0.7955447668650792
1151,0.5289209263392858,0.2305505339443543,1,0.7892092633928571
1152,0.37994088541666665,0.22557217851506134,2,0.7994088541666666
1153,0.37995902157738093,0.22464871983832144,2,0.7995902157738095
1154,0.5265875930059524,0.22591672164727633,1,0.7658759300595237
1155,0.37994725942460317,0.22030177506217744,2,0.7994725942460317
1156,0.5295250930059524,0.23782118057810248,1,0.7952509300595237
1157,0.5302316592261905,0.24163607207115806,1,0.8023165922619048
1158,0.5295358072916667,0.24686526596363706,1,0.7953580729166665
1159,0.5297580295138888,0.2561717969595508,1,0.7975802951388888
1160,0.5301791790674604,0.27075162545657466,1,0.801791790674603
1161,0.5318021763392857,0.25749692388774403,1,0.818021763392857
1162,0.5307744977678571,0.25495398204139613,1,0.8077449776785715
1163,0.5298217199900794,0.25247787219898155,1,0.7982171999007937
1164,0.5297411086309524,0.24851634604414688,1,0.7974110863095237
1165,0.5304344432043651,0.25009249945605616,1,0.8043444320436507
1166,0.5295938430059524,0.2494163525545635,1,0.7959384300595238
1167,0.5294385850694445,0.23858161503990796,1,0.7943858506944445
1168,0.5281014012896825,0.2262457989042208,1,0.7810140128968254
1169,0.5306631076388889,0.22904095466382565,1,0.8066310763888889
1170,0.5270665798611112,0.2402562894518675,1,0.7706657986111111
1171,0.5270665798611112,0.23597314205434328,1,0.7706657986111111
1172,0.5269050099206349,0.2297200061609397,1,0.7690500992063491
1173,0.5311736049107143,0.21968761970798298,1,0.8117360491071428
1174,0.5295718191964286,0.21598315117738168,1,0.7957181919642857
1175,0.5291688430059523,0.2305309755704363,1,0.7916884300595237
1176,0.378787890625,0.2188643743775756,2,0.78787890625
1177,0.3787657862103174,0.2152082747907474,2,0.7876578621031745
1178,0.525866976686508,0.22168471262418143,1,0.7586697668650794
1179,0.3772403521825397,0.22393632015510526,2,0.7724035218253968
1180,0.5259294766865079,0.22335652209595966,1,0.7592947668650794
1181,0.37721033606150794,0.21308042005997474,2,0.7721033606150793
1182,0.529614595734127,0.21110367004306455,1,0.7961459573412698
1183,0.5285419766865079,0.20877495600059676,1,0.7854197668650793
1184,0.3784384052579365,0.2039751003003074,2,0.784384052579365
1185,0.5265362041170635,0.20893510407647903,1,0.7653620411706348
1186,0.3758115017361111,0.21340197025543908,2,0.7581150173611111
1187,0.5261955481150794,0.21371153356430894,1,0.7619554811507936
1188,0.3761300719246032,0.20748362621319658,2,0.7613007192460317
1189,0.37660607018849207,0.2093725103945534,2,0.7660607018849206
1190,0.5251903893849206,0.21185226825171355,1,0.7519038938492062
1191,0.3748419766865079,0.21853200708254417,2,0.7484197668650792
1192,0.3772457837301587,0.21545750260980343,2,0.7724578373015872
1193,0.525874894593254,0.2202215540143451,1,0.7587489459325396
1194,0.5272352678571428,0.24372394717825574,1,0.7723526785714285
1195,0.527407849702381,0.24698511129712292,1,0.7740784970238095
1196,0.5252623139880952,0.24383026723710313,1,0.7526231398809524
1197,0.5266266803075397,0.24218053836961656,1,0.7662668030753967
1198,0.5271581845238096,0.2609736473105887,1,0.7715818452380951
1199,0.5262995969742064,0.2730414215029764,1,0.7629959697420634
1200,0.5257103112599206,0.274369433686756,1,0.7571031125992063
1201,0.5261968191964286,0.27614830918278754,1,0.7619681919642857
1202,0.5263588231646825,0.2798945734126984,1,0.7635882316468254
1203,0.5263588231646825,0.2891088679935515,1,0.7635882316468254
1204,0.5263134858630952,0.2865891812996033,1,0.7631348586309523
1205,0.5263905691964286,0.2968116462673611,1,0.7639056919642857
1206,0.5268501116071429,0.29503710987103177,1,0.7685011160714286
1207,0.5262776909722222,0.3006793484623015,1,0.7627769097222221
1208,0.5263354662698413,0.3051783003077652,1,0.7633546626984127
1209,0.5260275731646825,0.2847650461929564,1,0.7602757316468254
1210,0.5262879898313493,0.2863108810763889,1,0.7628798983134921
1211,0.526287710813492,0.2944654280133928,1,0.7628771081349206
1212,0.5257894779265873,0.2795973253573683,1,0.757894779265873
1213,0.5262567398313492,0.2965728224826389,1,0.7625673983134921
1214,0.5261504898313493,0.28918735376364096,1,0.7615048983134921
1215,0.5261254898313492,0.2895262788008432,1,0.761254898313492
1216,0.5262088231646825,0.27461704565746753,1,0.7620882316468254
1217,0.5262088231646825,0.27751127005828374,1,0.7620882316468254
1218,0.5257665612599206,0.30687022727554564,1,0.7576656125992063
1219,0.5276513826884921,0.31694763386656755,1,0.7765138268849205
1220,0.5264885044642857,0.3072973758906025,1,0.7648850446428572
1221,0.5260359064980159,0.2985090591827877,1,0.7603590649801587
1222,0.5274763826884921,0.29104960729786705,1,0.7747638268849206
1223,0.5265054935515874,0.2985473665984623,1,0.7650549355158731
1224,0.5267563616071429,0.28294670814732137,1,0.7675636160714285
1225,0.5264801711309524,0.29947850251116065,1,0.7648017113095238
1226,0.5269004898313492,0.3084661246589782,1,0.769004898313492
1227,0.5271105282738096,0.3029074685019842,1,0.7711052827380952
1228,0.5270973338293651,0.28695352839781746,1,0.7709733382936508
1229,0.5269383060515873,0.2921645654761905,1,0.769383060515873
1230,0.5266897941468254,0.31123868309771824,1,0.766897941468254
1231,0.5265754898313493,0.311540939298115,1,0.7657548983134921
1232,0.5283240017361112,0.32362419193328357,1,0.7832400173611112
1233,0.5264747953869048,0.31395863392857154,1,0.7647479538690476
1234,0.5279525731646826,0.3044130677703371,1,0.7795257316468254
1235,0.5263113219246032,0.29816328044394835,1,0.7631132192460316
1236,0.5273067398313492,0.2840959596974208,1,0.7730673983134919
1237,0.5258132068452381,0.27431142143251713,1,0.7581320684523809
1238,0.5272222160218254,0.29080343514384915,1,0.7722221602182539
1239,0.5280996155753969,0.3048940376984128,1,0.7809961557539683
1240,0.5272817398313492,0.30076411935763897,1,0.772817398313492
1241,0.5289019779265873,0.2907450978732638,1,0.7890197792658731
1242,0.5278445560515873,0.28691480167185235,1,0.778445560515873
1243,0.5275844184027778,0.29893511027405756,1,0.7758441840277778
1244,0.5273067398313492,0.27785199410962297,1,0.7730673983134919
1245,0.5271315972222222,0.2702907543402777,1,0.7713159722222223
1246,0.5274034660218254,0.2842271875620039,1,0.774034660218254
1247,0.528423226686508,0.28339099032738085,1,0.7842322668650794
1248,0.5279105282738096,0.2952857106584821,1,0.7791052827380952
1249,0.5266202504960318,0.2854293209635416,1,0.7662025049603175
1250,0.5264704303075397,0.29892079696800594,1,0.7647043030753968
1251,0.5280646949404761,0.28867974277653763,1,0.7806469494047619
1252,0.5270609064980158,0.28036153890749,1,0.7706090649801587
1253,0.5263682663690477,0.28872480096726183,1,0.7636826636904761
1254,0.5268805493551587,0.29428870033482135,1,0.7688054935515873
1255,0.5272472160218253,0.3009000910528274,1,0.7724721602182538
1256,0.5272138826884921,0.30289838337053576,1,0.7721388268849206
1257,0.5276273003472223,0.3095540654761905,1,0.7762730034722222
1258,0.5284353112599206,0.3098753383246528,1,0.7843531125992063
1259,0.5279494171626984,0.30345505195932526,1,0.7794941716269841
1260,0.5280023003472223,0.30851652411954367,1,0.7800230034722222
1261,0.5272178509424603,0.2914694866691468,1,0.7721785094246032
1262,0.5288547557043651,0.2883047462177579,1,0.7885475570436508
1263,0.5288235057043651,0.28401781255354897,1,0.7882350570436508
1264,0.5280091393849207,0.27874463895089285,1,0.7800913938492062
1265,0.527436328125,0.2662218945847988,1,0.7743632812499999
1266,0.526024751984127,0.25632464989459314,1,0.7602475198412698
1267,0.5275773003472222,0.26826746977306537,1,0.7757730034722221
1268,0.5267837673611111,0.2600106089099702,1,0.767837673611111
1269,0.5271309895833334,0.2568833263268849,1,0.7713098958333333
1270,0.5255313430059524,0.25092670110748627,1,0.7553134300595237
1271,0.5263098400297619,0.2500979106184613,1,0.7630984002976191
1272,0.5275752170138889,0.2540177986932773,1,0.7757521701388888
1273,0.5276278521825397,0.26577695322364275,1,0.7762785218253968
1274,0.527195132688492,0.2620198901289682,1,0.7719513268849205
1275,0.5264438678075397,0.2755623238467262,1,0.7644386780753968
1276,0.5276085503472222,0.2760196940724206,1,0.776085503472222
1277,0.5278724392361112,0.2815798055865575,1,0.7787243923611111
1278,0.5269712673611111,0.2688478160342262,1,0.7697126736111111
1279,0.5259917844742064,0.2678361840503248,1,0.7599178447420634
1280,0.5273391059027778,0.2857584806153049,1,0.7733910590277777
1281,0.528106783234127,0.28996751475694443,1,0.7810678323412699
1282,0.5274828559027778,0.2935519678424876,1,0.7748285590277778
1283,0.5272752170138889,0.28099572736855155,1,0.7727521701388887
1284,0.5275501364087302,0.27845551671006946,1,0.7755013640873014
1285,0.5275773003472222,0.2843513030584866,1,0.7757730034722221
1286,0.5275773003472222,0.2807063831845238,1,0.7757730034722221
1287,0.5272245225694444,0.2804291268601191,1,0.7722452256944443
1288,0.5272389074900794,0.2728881712239583,1,0.7723890749007936
1289,0.5270712487599206,0.2929696270151289,1,0.7707124875992063
1290,0.5271432725694445,0.29147340011160716,1,0.7714327256944444
1291,0.5275752170138889,0.2910057977035986,1,0.7757521701388888
1292,0.5280484499007937,0.2899992503410219,1,0.7804844990079365
1293,0.5274784908234127,0.292346730282738,1,0.7747849082341269
1294,0.5280657924107143,0.2911871461123512,1,0.7806579241071427
1295,0.5275752170138889,0.2928760071840053,1,0.7757521701388888
1296,0.5279720610119047,0.28699260403420374,1,0.7797206101190475
1297,0.5274356336805556,0.278695747674851,1,0.7743563368055555
1298,0.5276097408234127,0.2668203202110389,1,0.776097408234127
1299,0.5276097408234127,0.2756248623821925,1,0.776097408234127
1300,0.5284025979662699,0.27879994304090017,1,0.7840259796626983
1301,0.5290633122519841,0.28475422805059525,1,0.7906331225198412
1302,0.5280264074900793,0.27650884898933514,1,0.7802640749007935
1303,0.5291466455853174,0.2937793065476191,1,0.7914664558531745
1304,0.5275097408234127,0.2818714093642902,1,0.7750974082341269
1305,0.5280264074900793,0.28627480636160707,1,0.7802640749007935
1306,0.5280819630456349,0.2866218655443947,1,0.7808196304563491
1307,0.5277224392361111,0.2706584721602182,1,0.777224392361111
1308,0.5277974392361111,0.2490605142834597,1,0.777974392361111
1309,0.5276856336805555,0.25391241313244034,1,0.7768563368055554
1310,0.5282482514880953,0.2624788919101732,1,0.7824825148809523
1311,0.528616939484127,0.2646108235677082,1,0.7861693948412698
1312,0.5278252170138888,0.26708064248511904,1,0.7782521701388887
1313,0.5279249379960318,0.2799820925385379,1,0.7792493799603174
1314,0.527915910218254,0.29090321979561246,1,0.7791591021825397
1315,0.5282482514880953,0.2859856003534227,1,0.7824825148809523
1316,0.5275097408234127,0.28689447445436506,1,0.7750974082341269
1317,0.5277974392361111,0.27891427039930555,1,0.777974392361111
1318,0.5274784908234127,0.27882287797619054,1,0.7747849082341269
1319,0.5282732514880952,0.2679659541790675,1,0.7827325148809523
1320,0.5271856336805556,0.2706068250868056,1,0.7718563368055555
1321,0.5272168836805555,0.26446012995186235,1,0.7721688368055555
1322,0.5257850570436509,0.2543198813864089,1,0.7578505704365079
1323,0.5261320622519842,0.2703894554811508,1,0.7613206225198412
1324,0.5291287884424604,0.2851120016121033,1,0.7912878844246032
1325,0.5291287884424604,0.2809806278521825,1,0.7912878844246032
1326,0.5291287884424604,0.2792903527095735,1,0.7912878844246032
1327,0.5292195622519842,0.26675919432607326,1,0.7921956225198412
1328,0.5290716455853175,0.2673531488715277,1,0.7907164558531745
1329,0.5294107514880952,0.2703109163481918,1,0.7941075148809523
1330,0.5283274181547619,0.2514060526949179,1,0.783274181547619
1331,0.5284512276785714,0.260116757750496,1,0.7845122767857142
1332,0.5286151165674603,0.26568839979313214,1,0.7861511656746031
1333,0.5278529947916667,0.27691226326884916,1,0.7785299479166665
1334,0.5297262276785715,0.269229085362554,1,0.7972622767857143
1335,0.5278243799603175,0.2517947482244319,1,0.7782437996031746
1336,0.5274828559027778,0.2568653364955358,1,0.7748285590277777
1337,0.5277974392361111,0.2768034894593254,1,0.777974392361111
1338,0.529202201140873,0.2801538499193948,1,0.7920220114087301
1339,0.5286151165674603,0.2735347095424107,1,0.7861511656746031
1340,0.5279273003472222,0.2825355936879961,1,0.7792730034722222
1341,0.5279273003472222,0.28523166139632933,1,0.7792730034722222
1342,0.5281219618055556,0.2785868350694446,1,0.7812196180555555
1343,0.5290355344742064,0.28588109331597233,1,0.7903553447420635
1344,0.5278717447916667,0.2890965315290179,1,0.7787174479166666
1345,0.5278717447916667,0.2845119587053572,1,0.7787174479166666
1346,0.5279788876488095,0.28597506500270553,1,0.7797888764880951
1347,0.5281446614583334,0.28271981510416666,1,0.7814466145833334
1348,0.5278717447916667,0.2727765811631945,1,0.7787174479166666
1349,0.5279025917658731,0.2579252936507938,1,0.7790259176587302
1350,0.5279025917658731,0.24579878755749485,1,0.7790259176587302
1351,0.5269483258928571,0.24228506239008393,1,0.7694832589285713
1352,0.526812537202381,0.24773627741746107,1,0.7681253720238095
1353,0.5275384114583334,0.23851854423983135,1,0.7753841145833333
1354,0.5278717447916667,0.23404658478197146,1,0.7787174479166666
1355,0.5278717447916667,0.22704353996719437,1,0.7787174479166666
1356,0.5264326574900794,0.23646138338831307,1,0.7643265749007937
1357,0.5273594432043651,0.25066920180600655,1,0.7735944320436507
1358,0.5282644221230159,0.24301894003370755,1,0.7826442212301588
1359,0.5269893229166667,0.24615047925121744,1,0.7698932291666666
1360,0.5285033110119047,0.237106437437996,1,0.7850331101190475
1361,0.5279273003472222,0.22703283359305618,1,0.7792730034722222
1362,0.5279273003472222,0.2357774736314034,1,0.7792730034722222
1363,0.5270052703373016,0.22774394105677298,1,0.7700527033730158
1364,0.37868434399801587,0.2333406590293388,2,0.7868434399801587
1365,0.5275429067460318,0.23970810587741248,1,0.7754290674603175
1366,0.5271179935515873,0.229606355336287,1,0.771179935515873
1367,0.5284411892361112,0.23575278419280377,1,0.784411892361111
1368,0.37875797371031744,0.22605350952086106,2,0.7875797371031745
1369,0.5280798983134921,0.23655092936057007,1,0.7807989831349206
1370,0.5286966455853175,0.24511639141414135,1,0.7869664558531746
1371,0.3783660900297619,0.23745968691096223,2,0.7836609002976191
1372,0.527229935515873,0.23884786624660062,1,0.7722993551587303
1373,0.37867739955357144,0.23799372490855503,2,0.7867739955357143
1374,0.5289898995535715,0.2320347331180106,1,0.7898989955357142
1375,0.5289898995535715,0.23168004640715179,1,0.7898989955357142
1376,0.5254960317460318,0.22824301276999903,1,0.7549603174603174
1377,0.5270845982142858,0.2290436509768443,1,0.770845982142857
1378,0.5277996403769841,0.2396861911079373,1,0.7779964037698412
1379,0.378579402281746,0.23280385031396555,2,0.7857940228174602
1380,0.5278643043154763,0.2283246225846636,1,0.7786430431547618
1381,0.5288014074900793,0.22925195238658916,1,0.7880140749007936
1382,0.37807354910714286,0.22913035852949132,2,0.7807354910714285
1383,0.3774923797123016,0.21663187945344578,2,0.7749237971230158
1384,0.5284649181547619,0.2152415140016234,1,0.7846491815476189
1385,0.38003618551587304,0.21299299476955336,2,0.8003618551587302
1386,0.5280359499007936,0.22743431199638026,1,0.7803594990079364
1387,0.52701015625,0.2399092061523547,1,0.7701015625000001
1388,0.52948515625,0.2510381577831889,1,0.7948515625
1389,0.5306115451388889,0.25492989208209316,1,0.8061154513888888
1390,0.5284687003968254,0.25292103844246044,1,0.7846870039682539
1391,0.5281877170138889,0.2554298544146825,1,0.7818771701388888
1392,0.5294813678075397,0.2492271123511906,1,0.7948136780753969
1393,0.5295612289186509,0.262980843843006,1,0.795612289186508
1394,0.5303084697420635,0.2553227127078652,1,0.8030846974206349
1395,0.5302511284722222,0.27276598212594705,1,0.8025112847222222
1396,0.5302407118055555,0.27580931742931547,1,0.8024071180555554
1397,0.5292577566964286,0.2640913896949404,1,0.7925775669642856
1398,0.5297412884424604,0.27582019132733593,1,0.7974128844246031
1399,0.5291640066964286,0.2850990528893849,1,0.7916400669642856
1400,0.5292489831349206,0.28641807077752973,1,0.7924898313492064
1401,0.5273940662202381,0.2584853893144615,1,0.7739406622023809
1402,0.37865001860119046,0.24958643424479166,2,0.7865001860119047
1403,0.527984300595238,0.23728788930600658,1,0.7798430059523809
1404,0.5295438678075397,0.23517624806338985,1,0.7954386780753968
1405,0.5295438678075397,0.2424221708660263,1,0.7954386780753968
1406,0.5294031498015873,0.25760985778544365,1,0.7940314980158729
1407,0.529236545138889,0.24886927209595952,1,0.7923654513888889
1408,0.5287422805059524,0.2457183899570481,1,0.7874228050595238
1409,0.5289691840277778,0.25710816579015605,1,0.7896918402777777
1410,0.5278335503472222,0.2659490278764205,1,0.7783355034722221
1411,0.528144283234127,0.2678726520562771,1,0.7814428323412699
1412,0.528393787202381,0.2781283111359125,1,0.7839378720238095
1413,0.5281967447916667,0.28488525725446434,1,0.7819674479166666
1414,0.5300727368551588,0.30021114703395557,1,0.8007273685515873
1415,0.5299928757440476,0.3092357366977642,1,0.7999287574404761
1416,0.5287422805059524,0.306429636625744,1,0.7874228050595238
1417,0.5289670820932539,0.2876794269903274,1,0.7896708209325396
1418,0.5274416852678572,0.26774693287224927,1,0.7744168526785714
1419,0.5286321614583334,0.25807587458613435,1,0.7863216145833334
1420,0.5277849392361111,0.2570896155753969,1,0.7778493923611112
1421,0.5290697606646826,0.2663164406513626,1,0.7906976066468254
1422,0.5290697606646826,0.2756575459651026,1,0.7906976066468254
1423,0.5284116443452381,0.28700525263278387,1,0.7841164434523809
1424,0.5288060887896826,0.28411158066716274,1,0.7880608878968254
1425,0.5283921130952381,0.28163625895957334,1,0.7839211309523809
1426,0.5287783110119048,0.28442739809647827,1,0.7877831101190476
1427,0.5288649987599207,0.2914952729724701,1,0.7886499875992062
1428,0.5293376178075397,0.2951369259672618,1,0.7933761780753967
1429,0.5277526878720238,0.2820759806237599,1,0.7775268787202381
1430,0.5287783110119048,0.28443740919518856,1,0.7877831101190476
1431,0.5282571614583333,0.27981158001373624,1,0.7825716145833335
1432,0.528188529265873,0.2843100281808036,1,0.7818852926587301
1433,0.5285183903769841,0.2661100372023809,1,0.7851839037698413
1434,0.5293376178075397,0.2752642380332341,1,0.7933761780753967
1435,0.5293376178075397,0.26951374714781745,1,0.7933761780753967
1436,0.5293376178075397,0.27042711442832335,1,0.7933761780753967
1437,0.5293376178075397,0.2819820639570933,1,0.7933761780753967
1438,0.5297782118055556,0.2972642297247024,1,0.7977821180555555
1439,0.5295188678075397,0.31131882933407745,1,0.7951886780753967
1440,0.5297242435515873,0.3219783366195438,1,0.797242435515873
1441,0.5293376178075397,0.331442083860367,1,0.7933761780753967
1442,0.5295188678075397,0.3421495351562498,1,0.7951886780753967
1443,0.5295188678075397,0.32820470917038685,1,0.7951886780753967
1444,0.529664701140873,0.32931324841889875,1,0.7966470114087302
1445,0.5295188678075397,0.3317905125248016,1,0.7951886780753967
1446,0.5295188678075397,0.30953012512400785,1,0.7951886780753967
1447,0.5298931733630953,0.32211404712301595,1,0.7989317336309524
1448,0.5297105096726191,0.3298541281001983,1,0.7971050967261905
1449,0.530156287202381,0.3473509642857142,1,0.8015628720238095
1450,0.5298931733630953,0.33640440311879966,1,0.7989317336309524
1451,0.5299269035218255,0.3419678222346229,1,0.799269035218254
1452,0.5294188678075397,0.3297234701140873,1,0.7941886780753967
1453,0.5295188678075397,0.339483252108135,1,0.7951886780753967
1454,0.53001640625,0.318873771360367,1,0.8001640624999999
1455,0.5301393229166667,0.34561821862599196,1,0.8013932291666667
1456,0.5298268229166667,0.3434480026971726,1,0.7982682291666666
1457,0.53009765625,0.3554617451016865,1,0.8009765624999999
1458,0.5302059895833333,0.34883234846230143,1,0.8020598958333333
1459,0.5295188678075397,0.34504869425843254,1,0.7951886780753967
1460,0.5306764632936508,0.3320693028893848,1,0.8067646329365079
1461,0.5309411086309523,0.32690203664434525,1,0.8094110863095239
1462,0.5295952566964286,0.3294745548115079,1,0.7959525669642857
1463,0.5303518229166667,0.3214236245039682,1,0.8035182291666666
1464,0.5298397941468254,0.3335925711185517,1,0.7983979414682538
1465,0.5302059895833333,0.31549098387896823,1,0.8020598958333333
1466,0.5295188678075397,0.3199599014446923,1,0.7951886780753967
1467,0.5309411086309523,0.3202354166356646,1,0.8094110863095239
1468,0.5298201760912699,0.32577970808531737,1,0.7982017609126983
1469,0.5295188678075397,0.311056406156994,1,0.7951886780753967
1470,0.5295188678075397,0.3142264622395832,1,0.7951886780753967
1471,0.5303938678075397,0.31643382176113816,1,0.8039386780753968
1472,0.5303283916170635,0.31426077225942456,1,0.8032839161706349
1473,0.5302485305059523,0.2887128967633929,1,0.8024853050595238
1474,0.5295290054563492,0.28389323028273805,1,0.795290054563492
1475,0.5298544022817461,0.2817489840029762,1,0.7985440228174603
1476,0.5312594432043651,0.2832681074838788,1,0.8125944320436508
1477,0.5303318638392858,0.28335774110243045,1,0.8033186383928571
1478,0.5295188678075397,0.2821807523561508,1,0.7951886780753967
1479,0.5295188678075397,0.2974278566468254,1,0.7951886780753967
1480,0.5294390066964285,0.29187456299603187,1,0.7943900669642856
1481,0.5304117249503968,0.32229741945684526,1,0.8041172495039682
1482,0.5304117249503968,0.34001501088169644,1,0.8041172495039682
1483,0.5295952566964286,0.33032540349082345,1,0.7959525669642857
1484,0.5305188678075397,0.31899513662574397,1,0.8051886780753967
1485,0.5294390066964285,0.3144434793216766,1,0.7943900669642856
1486,0.5295773995535714,0.3071360520833335,1,0.7957739955357144
1487,0.5295952566964286,0.3167596075148811,1,0.7959525669642857
1488,0.5295952566964286,0.3310514068080355,1,0.7959525669642857
1489,0.5295952566964286,0.3059314675099205,1,0.7959525669642857
1490,0.5295952566964286,0.3022151864459325,1,0.7959525669642857
1491,0.5295452566964286,0.29304937701512906,1,0.7954525669642856
1492,0.5295952566964286,0.2935845171976461,1,0.7959525669642857
1493,0.5296230344742063,0.2970126294022817,1,0.7962303447420634
1494,0.5296230344742063,0.3036708317832341,1,0.7962303447420634
1495,0.5295952566964286,0.31961689462425596,1,0.7959525669642857
1496,0.531648828125,0.32218644233630944,1,0.8164882812500001
1497,0.5308485491071429,0.3260446024305555,1,0.8084854910714285
1498,0.5315654947916667,0.31291022578745037,1,0.8156549479166666
1499,0.5315654947916667,0.3006837054191468,1,0.8156549479166666
1500,0.5294827566964286,0.29077660165550595,1,0.7948275669642857
